title,slug,mei,context,image,imageTitle,width,height
Bicycling,bicycling,2KXJ8ZSAKD58D,Vintage bicycle postcards,2KXJ8ZS66W7YG,Tous les as sur Bicyclette Gurtner,6336,9504
Chicago,chicago,2KXJ8ZSAKD6V9,Vintage Chicago postcards,2KXJ8ZFA30EC,Most beautiful diner in Chicago,3600,2290
Dogs,dogs,2KXJ8ZSAKDC09,Vintage dog postcards,2KXJ8Z7PFKLD,Collection of Japanese art postcards published by Kokkei shinbun sha,3956,2929
Alcohol,alcohol,2KXJ8ZSAKDB98,Vintage drinking postcards,2KXJ8ZS6N3HS3,Woman with a bird,6336,9504
Reading and Writing,reading-and-writing,2KXJ8ZSAKD0AX,Vintage reading & writing postcards,2KXJ8ZS6MKT7A,S'avvicinano gli esami,9504,6336
Newberry,newberry,2KXJ8ZSAKDPK2,Vintage Newberry postcards,2KXJ8ZSVHRM1H,"Washington Square and Newberry Library, Chicago",3392,2185
School Days,school-days,2KXJ8ZSAKDMYB,Vintage school postcards,2KXJ8ZIDTGKU,On the way to school,2584,3917
Cats,cats,2KXJ8ZSAKDD11,Vintage cat postcards,2KXJ8ZEQRXQP,Stripes to the front,2542,3893
Coffee & Tea,coffee-tea,2KXJ8ZSAKDRBQ,Vintage coffee postcards,2KXJ8ZS66E6_H,Sanka Cafï¿½ Decafeine,6336,9504
Women's Rights,womens-rights,2KXJ8ZSA9MW04,Vintage suffragette postcards,2KXJ8Z8ZFFEE,"Bryan L. Bossier postcard collection, 1880s-1920s [000797_01]",4065,2720
New Year,new-year,2KXJ8ZSMLBWN6,Vintage New Year postcards,2KXJ8ZSJ02266,January The New Year,6336,9504
Valentine's Day,valentines-day,2KXJ8ZSAKDJCR,Vintage valentine postcards,2KXJ8ZSUWNEDQ,To my valentine,3922,2572
Saint Patrick's Day,saint-patricks-day,2KXJ8ZSMLW43T,Vintage Saint Patrick's Day postcards,2KXJ8ZS2QSZXI,St. Patrick freed old Erin...,3951,2601
Easter,easter,2KXJ8ZSAKDKDK,Vintage Easter postcards,2KXJ8ZS2X0DEI,Best Easter wishes,2545,3913
Fourth of July,fourth-of-july,2KXJ8ZSMLBK0Z,Vintage Fourth of July postcards,2KXJ8ZS6C1E40,The man behind the gun,6336,9504
Halloween,halloween,2KXJ8ZSAKDX4O,Vintage Halloween postcards,2KXJ8ZS2Q1FMB,John I. Monroe collection of general postcards,3933,2577
Thanksgiving,thanksgiving,2KXJ8ZSAKDE3I,Vintage Thanksgiving postcards,2KXJ8ZF6ZG03,May your Thanksgiving never end in dreams like these!,3600,2325
Christmas,christmas,2KXJ8ZSAKDQ5P,Vintage Christmas postcards,2KXJ8ZS6LY7XE,Two girls kneeling by tree,6336,9504
Birthdays,birthdays,2KXJ8ZSMLBTPJ,Vintage Birthday Postcards,2KXJ8ZEYZQXS,A happy birthday,2588,3919
Winter,winter,2KXJ8ZSMLBSQC,Vintage Winter Postcards,2KXJ8ZS6Z9KNL,Icy airplane,9504,6336
Spring,spring,2KXJ8ZSMLB4ST,Vintage Spring postcards,2KXJ8ZY8TUFO,Is your car up to par? Get our spring tune-up special,3349,2188
Summer,summer,2KXJ8ZSMLBXZV,Vintage Summer Postcards,2KXJ8ZSAE7BAF,"158 - Edgewater Beach Hotel and Apartments, Chicago",3258,2035
Autumn,autumn,2KXJ8ZSMLB0XM,Vintage Autumn Postcards,2KXJ8ZS60QKSH,Woman in orange,9504,6336
