title,mei,image,imageTitle,width,height,gallery
Maxim fahrrader,2KXJ8ZPW7U47,2KXJ8ZY0IYUC,Maxim fahrrader,2785,4154,bicycling
Championnats du monde,2KXJ8ZPWMNU2,2KXJ8ZY0PPNN,Campionnats du mone,2922,4048,bicycling
Cycles Bercley sur pneus englebert,2KXJ8ZPWMRYB,2KXJ8ZY0P2V6,Cycles Bercley sur pneus englebert,4185,2825,bicycling
La francaise-diamant,2KXJ8ZPWMQZ4,2KXJ8ZY0CNVG,La francaise diamant,2856,4099,bicycling
Poulain champion du monde,2KXJ8ZPWU4X9,2KXJ8ZY0JDP3,Poulain champion du monde,2804,4152,bicycling
I'll be in to see you on the...,2KXJ8ZPW78QR,2KXJ8ZY0TYZC,I'll be in to see you on the,4095,2820,bicycling
Adler,2KXJ8ZPW73H8,2KXJ8ZY0TZCM,Adler,2774,4162,bicycling
Die entwickelungsgeschichte des Radlers,2KXJ8ZPW7259,2KXJ8ZY03SMF,Die entwickelungsgeschichte des Radlers,4229,2902,bicycling
Hut ab! Express!,2KXJ8ZPWVRNB,2KXJ8ZY03JHF,Hut ab! Express!,2738,4089,bicycling
Freno carloni,2KXJ8ZPWV8FR,2KXJ8ZY036YJ,Freno carloni,2839,4136,bicycling
Francesco Gattini,2KXJ8ZPWVD0W,2KXJ8ZY0KF5A,Francesco Gattini,2864,4185,bicycling
Look before you leap,2KXJ8ZPW9P1X,2KXJ8ZY0LUXH,Look before you leap,4164,2857,bicycling
Presentation,2KXJ8ZPWCBAI,2KXJ8ZY0DRLS,Presentation,4104,2770,bicycling
"Women riding bicycles, man walking",2KXJ8ZSUQ1N69,2KXJ8ZS6L7XTV,Woman riding bicycle,9504,6336,bicycling
Tous les as sur Bicyclette Gurtner,2KXJ8ZSUKB92P,2KXJ8ZS66W7YG,Tous les as sur Bicyclette Gurtner,6336,9504,bicycling
"J.M. Stout, champion fancy star bicycle rider of the world",2KXJ8ZPG269F,2KXJ8Z8BSXNU,"Bryan L. Bossier postcard collection, 1880s-1920s [000510_01]",2515,3705,bicycling
Hans Langoor gaat uit fietsen,2KXJ8ZPWVN82,2KXJ8ZY03P9N,Hans Langoor gaat uit fietsen,2941,4151,bicycling
Cycles de dion-bouton,2KXJ8ZPWV4Z9,2KXJ8ZY0K8VZ,Cycles de dion-bouton,2842,4217,bicycling
Giraffe riding a bike,2KXJ8ZPWVC9O,2KXJ8ZY0Q8EZ,Giraffe riding a bike,2815,4164,bicycling
Pig riding a bike,2KXJ8ZPWOAH2,2KXJ8ZY0YU9H,Pig riding a bike,4147,2820,bicycling
Cats riding bikes,2KXJ8ZPWOS0D,2KXJ8ZY0MBXV,Cats riding bikes,4157,2810,bicycling
Nous recourons troupe joyeuse...,2KXJ8ZPW68YR,2KXJ8ZY0M6TJ,Nous acconrous troupe joyeuse vous apportant l'annee henieuse,4179,2836,bicycling
Grand Concours Graf du Tour de France,2KXJ8ZPW8CEO,2KXJ8ZY0Z6FJ,Ateliers joe bridge,4150,2793,bicycling
Williams's famous toffees,2KXJ8ZPW8KI7,2KXJ8ZY0Z296,Williams's famous toffees,4154,2786,bicycling
All Heil!,2KXJ8ZPWYX0R,2KXJ8ZY021HS,All Heil!,4188,2883,bicycling
All Heil,2KXJ8ZPW9CGO,2KXJ8ZYFLZSJ,All Heil,2774,4203,bicycling
GruB Vom Krampus!,2KXJ8ZPW2OUI,2KXJ8ZYF3UKS,GruB Vom Krampus!,4175,2775,bicycling
"Couple kissing on bikes, trailed by stork on bike",2KXJ8ZPW275X,2KXJ8ZYF3TGC,Man and woman riding bikes,4223,2856,bicycling
Les adieux d'un pneun en 1916,2KXJ8ZPWFY5Q,2KXJ8ZYF7DJV,Les adieux d'un pneun en 1916,2770,4211,bicycling
Frohliche ostern!,2KXJ8ZPW75OU,2KXJ8ZY09DC3,Frohliche ostern!,2818,4174,bicycling
Man on bicycle chasing woman on horse,2KXJ8ZSUHSE63,2KXJ8ZS6MKBMZ,Man on bicycle and woman on horse,9504,6336,bicycling
Greetings from Chicago Illinois,2KXJ8ZSVHKOML,2KXJ8ZSVHKQYC,Greetings from Chicago Illinois,3600,2306,chicago
"The Allerton Hotel, Chicago, Illinois",2KXJ8ZFA3O46,2KXJ8ZFA3O46,"The Allerton Hotel, Chicago, Illinois",2260,3600,chicago
Charlie Glenn's Rhumboogie Cafe,2KXJ8ZFA3MSF,2KXJ8ZFA3MSF,Charlie Glenn's Rhumboogie Cafe,3600,2286,chicago
"Lincoln Park Lagoon and Refectory, Chicago",2KXJ8ZFAOUFT,2KXJ8ZFAOUFT,"Lincoln Park Lagoon and Refectory, Chicago",3600,2286,chicago
"The Marshall Field & Co., retail stores, State, Washington, Randolph and Wabash, Chicago",2KXJ8ZFA3LNG,2KXJ8ZFA3LNG,"The Marshall Field & Co., retail stores, State, Washington, Randolph and Wabash, Chicago",3600,2280,chicago
"Maxwell Street, Chicago",2KXJ8ZFAOHIF,2KXJ8ZFAOHIF,"Maxwell Street, Chicago",3600,2260,chicago
"The Merchandise Mart by night, Chicago",2KXJ8ZFA3NFA,2KXJ8ZFA3NFA,"The Merchandise Mart by night, Chicago",3600,2280,chicago
Most beautiful diner in Chicago,2KXJ8ZFA30EC,2KXJ8ZFA30EC,Most beautiful diner in Chicago,3600,2290,chicago
"Navy Pier, Chicago",2KXJ8ZFAOT9M,2KXJ8ZFAOT9M,"Navy Pier, Chicago",3600,2271,chicago
"North Avenue Beach, Chicago",2KXJ8ZFAOSUY,2KXJ8ZFAOSUY,"North Avenue Beach, Chicago",3600,2266,chicago
"Sub-structure of Marshall Field & Co.'s retail store, Chicago",2KXJ8ZFA3PBV,2KXJ8ZFA3PBV,"Sub-structure of Marshall Field & Co.'s retail store, Chicago",2293,3600,chicago
"Chicago, Ill., Chicago Club, Van Buren Str and Michigan Ave.",2KXJ8ZFA39PN,2KXJ8ZFA39PN,"Chicago, Ill., Chicago Club, Van Buren Str and Michigan Ave.",3600,2300,chicago
"The Fisher Building, Chicago, Ill.",2KXJ8ZFA3Q7N,2KXJ8ZFA3Q7N,"The Fisher Building, Chicago, Ill.",2297,3600,chicago
"Michigan Avenue, Chicago, from Jackson Boulevard to Congress Street",2KXJ8ZSAT4A8V,2KXJ8ZSAELKRC,"Michigan Avenue, Chicago, from Jackson Boulevard to Congress Street",3218,2080,chicago
YMCA Hotel,2KXJ8ZSAT4IYG,2KXJ8ZSATLTLT,downtown Chicago,2089,3282,chicago
"The Chicago Temple, Clark at Washington, Chicago, Ill.",2KXJ8ZSATQ1JF,2KXJ8ZSATMUDA,"The Chicago Temple Clark at Washington Chicago, Ill.",2079,3268,chicago
Supreme Liberty Life Insurance Co.,2KXJ8ZSATUC83,2KXJ8ZSATF3C6,Supreme Liberty Life Insurance Co.,3234,2064,chicago
"Michigan Ave., South from Jackson Boulevard, Chicago, Ill.",2KXJ8ZSATCW2M,2KXJ8ZSAEHO1F,"Michigan Ave., South from Jackson Boulevard, Chicago, Ill.",3284,2116,chicago
Logan Bowl,2KXJ8ZSATI0OS,2KXJ8ZSAEM8IG,Logan Bowl,3309,2101,chicago
"Conservatory and fountain, Lincoln Park, Chicago",2KXJ8ZSATITIT,2KXJ8ZSAEURAM,"Conservatory and fountain, Lincoln Park, Chicago",3238,2075,chicago
"Entrance to Union Stock Yards, Chicago",2KXJ8ZSAT3UBA,2KXJ8ZSAEKN8S,"Entrance to Union Stock Yards, Chicago",3246,2099,chicago
"Train platform, Chicago's initial subways",2KXJ8ZSAT3AYV,2KXJ8ZSAERLQ6,"Train platform, Chicago's initial subways",3278,2068,chicago
"Old Water Tower and Palmolive Building, Chicago",2KXJ8ZSATZN3V,2KXJ8ZSAE56KH,"Old Water Tower and Palmolive Building, Chicago",2075,3267,chicago
"Buckingham Fountain by night, Grant Park, Chicago",2KXJ8ZSATZXWY,2KXJ8ZSAE5SPN,"100 - Buckingham Fountain by night, Grant Park, Chicago",3250,2051,chicago
"Looking down La Salle Street, Chicago, Chicago Board of Trade in background",2KXJ8ZSATZD5M,2KXJ8ZSAE5BSF,"Looking down La Salle Street, Chicago, Chicago Board of Trade in background",2075,3264,chicago
Bird's Eye View of Downtown Chicago,2KXJ8ZSATZ18F,2KXJ8ZSAE52GY,136-Bird's Eye View of Downtown Chicago,3264,2078,chicago
"Wacker Drive and Chicago River by night, Chicago",2KXJ8ZSATZSTH,2KXJ8ZSAESI70,"Wacker Drive and Chicago River by night, Chicago",3261,2075,chicago
"Michigan Avenue looking north, Chicago",2KXJ8ZSATXONJ,2KXJ8ZSAESDQA,"Michigan Avenue looking north, Chicago",3279,2068,chicago
"Boat house, Humboldt Park, Chicago",2KXJ8ZSATX0QS,2KXJ8ZSAE618M,"Boat house, Humboldt Park, Chicago",3240,2075,chicago
"Union Stock Yards, Chicago",2KXJ8ZSATX9G0,2KXJ8ZSAE7M2T,"Union Stock Yards, Chicago",3271,2078,chicago
Dogs not allowed,2KXJ8ZS6YOGD0,2KXJ8Z7P4IQ1,Dogs not allowed,2806,4184,dogs
Harmony and discord,2KXJ8ZBN8EKS,2KXJ8ZEQ98XP,Harmony and discord,3893,2551,dogs
Harmony and discord,2KXJ8ZBN87S0,2KXJ8ZEQRLEI,Harmony and discord,3883,2548,dogs
Daddy's coming,2KXJ8ZBFJ7W3,2KXJ8ZI5ULN9,Daddy's coming,2536,3874,dogs
A Devonshire lad,2KXJ8ZB3OKAJ,2KXJ8ZI5UJTX,A Devonshire lad,2517,3872,dogs
We two,2KXJ8ZBB80HO,2KXJ8ZIVHDQF,Domestic Pets,3903,2561,dogs
Dobermans in profile,2KXJ8ZBBEWT7,2KXJ8ZIV2E16,Dog Studies,3893,2561,dogs
Scottish life and character: Dinner time,2KXJ8ZBB99II,2KXJ8ZILI62A,Family inside a home,3891,2564,dogs
Tally ho!,2KXJ8ZBQC96Q,2KXJ8Z3U3H5O,Tally ho!,3709,2513,dogs
Among the bunnies,2KXJ8ZBQTQTQ,2KXJ8ZIG5OVS,Dog sharing with bunnies,2485,3888,dogs
Susan and Sambo,2KXJ8ZBQTCOU,2KXJ8ZIG5B0S,Susan and Sambo,3913,2499,dogs
Family cares,2KXJ8ZBEXF2Z,2KXJ8ZIU2U2U,Family cares,3859,2472,dogs
We two,2KXJ8ZBIFEWK,2KXJ8ZIDNRGO,Child and dog,3882,2539,dogs
A sun bath,2KXJ8ZBI8VAD,2KXJ8ZI9GYPD,A sun bath,3861,2509,dogs
Yorkshire terrier,2KXJ8ZBORYHR,2KXJ8ZEJIJIJ,Yorkshire terrier,2488,3835,dogs
Three's none,2KXJ8ZBOT5E2,2KXJ8ZEGC1P3,Three's none,2535,3873,dogs
Great expectations,2KXJ8ZBONIM2,2KXJ8ZI2G0W7,Great expectations,2512,3826,dogs
The bold duckling,2KXJ8ZBOOII2,2KXJ8ZEDTBY5,"Kitten, puppy and duckling",3842,2508,dogs
"On the moors, pointer at work",2KXJ8ZBOWHAU,2KXJ8ZED5JGW,"On the moors, pointer at work",3848,2485,dogs
Rags and bones a four-in-hand turn-out,2KXJ8ZB2S8Z5,2KXJ8ZIEFKWC,Rags and bones a four-in-hand turn-out,3832,2471,dogs
A Silver shower,2KXJ8ZB2EVB7,2KXJ8ZE1YPA5,A Silver shower,3850,2518,dogs
Three beasts (San chikusho),2KXJ8Z44B7_9,2KXJ8Z7O8I72,Collection of Japanese art postcards published by Kokkei shinbun sha,3275,2228,dogs
New Fuse Princess (Shin fuse hime),2KXJ8Z4461MX,2KXJ8Z7PFKLD,Collection of Japanese art postcards published by Kokkei shinbun sha,3956,2929,dogs
Girl spoon-feeding dog,2KXJ8ZSUU26LQ,2KXJ8ZSUWDF38,John I. Monroe collection of general postcards,2532,3911,dogs
Breakfast in bed charged extra,2KXJ8ZSQIB7XR,2KXJ8ZEDIQ72,Breakfast in bed charged extra,3963,2558,dogs
Dog in formalwear,2KXJ8ZSUR2SMK,2KXJ8ZS6SGZA3,Dog dressed up,6336,9504,dogs
Woman in black walking dog,2KXJ8ZSUR3355,2KXJ8ZS61KLY4,Woman and dog,6336,9504,dogs
Woman with muff holding dog,2KXJ8ZSUQANQ9,2KXJ8ZS6LWN5F,Woman with dog,6336,9504,dogs
Dog with pink bow,2KXJ8ZSUHBZXV,2KXJ8ZS6M4DCT,Dog with pink bow,9504,6336,dogs
Dog in clown costume,2KXJ8ZSUR2LT2,2KXJ8ZS6S29SY,Dog dressed up,6336,9504,dogs
Waitress serving men at a table,2KXJ8ZSURA83W,2KXJ8ZS6ZAVYH,Men drinking,6336,9504,alcohol
Glas Bier gefallig?,2KXJ8ZSUR27QI,2KXJ8ZS6S2HO6,Glas Bier gefallig?,9504,6336,alcohol
I really had no idea,2KXJ8ZSURQCN1,2KXJ8ZS64LRAX,I really had no idea,9504,6336,alcohol
Manhattan,2KXJ8ZSUR5MZD,2KXJ8ZS64UH35,Manhattan,6336,9504,alcohol
Champagne,2KXJ8ZSUR54DB,2KXJ8ZS642Q9W,Champagne,6336,9504,alcohol
Creme-de-Menthe,2KXJ8ZSURKIO7,2KXJ8ZS64MRJX,Cr�me-de-Menthe,6336,9504,alcohol
Sherry,2KXJ8ZSURK91X,2KXJ8ZS647RBX,Sherry,6336,9504,alcohol
Claret,2KXJ8ZSURKMND,2KXJ8ZS647S6Q,Claret,6336,9504,alcohol
Waiter serving woman in bicycling outfit,2KXJ8ZSUK2AC7,2KXJ8ZS66TVHN,Woman drinking,9504,6336,alcohol
Can-can dancer toasting man in tuxedo,2KXJ8ZSUK2OD8,2KXJ8ZS66TDQL,Woman and man drinking,9504,6336,alcohol
La Renaissance: Francois 1er pres d'une dame...,2KXJ8ZSUKTPN2,2KXJ8ZS66OBNA,La Renaissance,9504,6336,alcohol
Grape shot,2KXJ8ZSUQDSE4,2KXJ8ZS60S89Z,Grape Shot,6336,9504,alcohol
"Woman in pearls and feathered hat, holding a glass of champagne",2KXJ8ZSUQDIR8,2KXJ8ZS604WT3,Woman with drink,6336,9504,alcohol
How to Catch Men: At the Shrine of Venus-Up to Date,2KXJ8ZSUQEKV5,2KXJ8ZS6G5FPC,How to Catch Men: At the Shrine of Venus-Up to Date,6336,9504,alcohol
Black Cats,2KXJ8ZSUQ4SA4,2KXJ8ZS6LIAUF,Black Cats,6336,9504,alcohol
Champagne,2KXJ8ZSUF2EXM,2KXJ8ZS6NAEYS,Champagne,6336,9504,alcohol
Woman upsetting a waiter's tray with a kick,2KXJ8ZSUK2TVW,2KXJ8ZS66K7HG,Woman kicking tray,9504,6336,alcohol
Ca me grise...!,2KXJ8ZSUF0GLC,2KXJ8ZS68H9A1,Ca me grise...!,9504,6336,alcohol
Woman sharing drink with a peacock,2KXJ8ZSUF6WQV,2KXJ8ZS6N3HS3,Woman with a bird,6336,9504,alcohol
Woman having a drink while standing in an oversize champagne bucket,2KXJ8ZSUF3HMA,2KXJ8ZS6NYZ0T,Woman drinking,6336,9504,alcohol
Woman riding an oversized champagne bottle,2KXJ8ZSUFIJ40,2KXJ8ZS6NZV_H,Woman riding a bottle,9504,6336,alcohol
Woman with drink,2KXJ8ZSUQD2QD,2KXJ8ZS60H3CA,Woman with drink,6336,9504,alcohol
Woman in green with champagne,2KXJ8ZSUQLS84,2KXJ8ZS6LYP8E,Woman in green with champagne,6336,9504,alcohol
La gourmandise,2KXJ8ZSUHNN66,2KXJ8ZS6MFJ0G,La Gourmandise,6336,9504,alcohol
Partly-clothed woman peering into an oversized glass of alcohol,2KXJ8ZSURBKD4,2KXJ8ZS61E40O,Woman and glass,6336,9504,alcohol
Partly-clothed woman peering into an oversized glass of alcohol,2KXJ8ZSUR4L_1,2KXJ8ZS61YYBB,Woman and glass,6336,9504,alcohol
Couple having drinks at a sidewalk cafe,2KXJ8ZSUK2ZEU,2KXJ8ZS66KE5V,Woman and man at table,9504,6336,alcohol
C'est l'histoire presqu'en entier Du Bulteaux a travers les ages...,2KXJ8ZSUKTM1B,2KXJ8ZS66OFUT,C'est l'histoire presqu'en entier Du Bulteaux a travers les ages,9504,6336,alcohol
Les Grecs: Jadis les Grecs pour learus fiancailles...,2KXJ8ZSUKTKTK,2KXJ8ZS66OQGM,Les Grecs,9504,6336,alcohol
Au Moyen-Age: Un joli page en jupon...,2KXJ8ZSUKLH8B,2KXJ8ZS66Q1AC,Au Moyen-Age,9504,6336,alcohol
Rather Breezy! Ripping bathing at Margate,2KXJ8ZBIJSX8,2KXJ8ZIHS7BJ,Rather Breezy! Ripping Bathing at Margate,3870,2520,reading-and-writing
S'avvicinano gli esami,2KXJ8ZSUHZSNT,2KXJ8ZS6MKT7A,S'avvicinano gli esami,9504,6336,reading-and-writing
L'autre: Donne moi ton Koh-i-noor...,2KXJ8ZSUHUT7N,2KXJ8ZS6CA1Q6,Le Koh-i-noor,6336,9504,reading-and-writing
L'auteur a la mode: Les idees comme l'eucre...,2KXJ8ZSUH5NO6,2KXJ8ZS6CRVOA,Le Koh-i-noor,9504,6336,reading-and-writing
Woman at desk with cat,2KXJ8ZSUNPQFA,2KXJ8ZS6ZHAJ3,Woman and cat,9504,6336,reading-and-writing
Woman reading in stockings,2KXJ8ZSUFUQGZ,2KXJ8ZS68MR62,Woman reading,9504,6336,reading-and-writing
Woman looking out window,2KXJ8ZSUQOP2O,2KXJ8ZS6L02DT,Woman sitting at desk,6336,9504,reading-and-writing
Iris - Message,2KXJ8ZSUK3UFK,2KXJ8ZS609M4L,Iris - Message,9504,6336,reading-and-writing
Woman on globe reading,2KXJ8ZSUKG1YQ,2KXJ8ZS661WSL,Woman on globe,6336,9504,reading-and-writing
Ma chere leuliz,2KXJ8ZSURCRCR,2KXJ8ZS6S3K2F,Ma chere leuliz,9504,6336,reading-and-writing
Mode von 1860,2KXJ8ZSUNNAAN,2KXJ8ZS6QAQAQ,Mode von 1860,6336,9504,reading-and-writing
Tu veux passer pour un joyeux drille...,2KXJ8ZSUQ71XK,2KXJ8ZS65ANOB,Tu veux passer pour un joyeux drille. Tu n'es qu'un crocodile,6336,9504,reading-and-writing
L'illuminazione nel 1928,2KXJ8ZSUKOFC4,2KXJ8ZS62YR68,L'illuminazione nel 1928,6336,9504,reading-and-writing
Boy reading book on desk,2KXJ8ZBIE4ZU,2KXJ8ZIH51JY,Boy reading book on desk,2563,3898,reading-and-writing
Man reading by lantern,2KXJ8Z4PSW0O,2KXJ8Z7O0QA5,Collection of Japanese art postcards published by Kokkei shinbun sha,2241,3350,reading-and-writing
I hope you will find this very interesting,2KXJ8ZBIUN3O,2KXJ8ZEYURNH,I hope you will find this very interesting,2512,3899,reading-and-writing
An interesting tale,2KXJ8ZB2QCFX,2KXJ8ZE17VL9,An interesting tale,3823,2457,reading-and-writing
Books and their readers!,2KXJ8ZBEL3JZ,2KXJ8ZE1TT77,Books and their readers!,2489,3856,reading-and-writing
A bedtime story,2KXJ8ZBICHB2,2KXJ8ZEYOGD0,A Bedtime Story,3869,2507,reading-and-writing
Fairy tales: How am I to sing your praise...,2KXJ8ZSURK78I,2KXJ8ZS641MS5,Fairy Tales,6336,9504,reading-and-writing
Ils lisent Les Annales,2KXJ8ZSF6CZLE,2KXJ8ZSJI5MH2,Ils Lisent Les Annales,9504,6336,reading-and-writing
I'm the Gink wot reads your writin',2KXJ8ZSUH7OTL,2KXJ8ZS6CEDXZ,I'm the Gink wot reads your writin',6336,9504,reading-and-writing
The letter,2KXJ8ZSUFG49H,2KXJ8ZS65MZD9,The Letter,6336,9504,reading-and-writing
"The letter writer, Cairo",2KXJ8ZBN1SPE,2KXJ8ZEQUCEU,"The Letter Writer, Cairo",3830,2485,reading-and-writing
Woman and child writing at a table,2KXJ8ZB2N67X,2KXJ8ZIEEOOF,Woman and child writing at a table,3848,2516,reading-and-writing
First love-letter,2KXJ8ZS6YMBR3,2KXJ8Z7PHVW4,First love-letter,2726,4137,reading-and-writing
Study time,2KXJ8ZS6YG1KH,2KXJ8Z7WEGRK,Study time,2790,4164,reading-and-writing
A travelling student and singer,2KXJ8ZBI8HY2,2KXJ8ZI9G0Q1,A travelling student and singer,2486,3846,reading-and-writing
Good Night,2KXJ8ZSURV8YW,2KXJ8ZS648ZF1,Good Night,6336,9504,reading-and-writing
The author: Ideal; real,2KXJ8ZMAZ6YL,2KXJ8ZE1GRT1,The author,3791,2472,reading-and-writing
Chicago public libraries,2KXJ8ZSVHFM3H,2KXJ8ZSVHTEH3,Chicago public libraries,3345,2188,newberry
"Chicago, Ill., Newberry Library",2KXJ8ZSVHPRNY,2KXJ8ZSVHH99C,"Chicago, Ill. Newberry Library",3775,2280,newberry
"Chicago, Newberry Library",2KXJ8ZSVHPZ1V,2KXJ8ZSVH18CM,"Chicago, Newberry Library",3432,2265,newberry
"Chicago, The Newberry Library",2KXJ8ZSVHPIEA,2KXJ8ZSVH8T5N,"Chicago, The Newberry Library",3462,2301,newberry
Greetings from Chicago,2KXJ8ZSVHFI2A,2KXJ8ZSVH8NQ6,Greetings from Chicago,3390,2215,newberry
Greetings from Chicago / Gruss aus Chicago,2KXJ8ZSVHPPJJ,2KXJ8ZSVHHPPJ,Greetings from Chicago / Gruss aus Chicago,3387,2304,newberry
"Newberry Library, Chicago",2KXJ8ZSVHFL6V,2KXJ8ZSVH8SDT,"Newberry Library postcard collection [box 00001], 1898-1945",3486,2319,newberry
"Newberry Library, Chicago",2KXJ8ZSVHFJVT,2KXJ8ZSVHR5SA,"Newberry Library postcard collection [box 00001], 1898-1945",3399,2187,newberry
"Washington Square and Newberry Library, Chicago",2KXJ8ZSVHF6AE,2KXJ8ZSVHR2VF,"Newberry Library postcard collection [box 00001], 1898-1945",3456,2397,newberry
"Washington Square and Newberry Library, Chicago",2KXJ8ZSVHFFSS,2KXJ8ZSVHRC2E,"Newberry Library postcard collection [box 00001], 1898-1945",3376,2184,newberry
"Newberry Library, Chicago, Ill.",2KXJ8ZSVHF7DJ,2KXJ8ZSVHRDHG,"Newberry Library postcard collection [box 00001], 1898-1945",3379,2243,newberry
"Newberry Library, Chicago",2KXJ8ZSVHPX3M,2KXJ8ZSVHHSST,"Newberry Library, Chicago",3336,2040,newberry
"Newberry Library, Chicago",2KXJ8ZSVHPJBT,2KXJ8ZSVH1UT0,"Newberry Library, Chicago",3414,2181,newberry
"Newberry Library, Chicago",2KXJ8ZSVHP9HC,2KXJ8ZSVH1AU6,"Newberry Library, Chicago",3456,2265,newberry
"Newberry Library, Chicago",2KXJ8ZSVHPT2N,2KXJ8ZSVH14VF,"Newberry Library, Chicago",3504,2301,newberry
"Newberry Library, Chicago",2KXJ8ZSVHP3DS,2KXJ8ZSVH1NK6,"Newberry Library, Chicago",3395,2172,newberry
"Newberry Library, Chicago",2KXJ8ZSVHP6QE,2KXJ8ZSVH8JWT,"Newberry Library, Chicago",3318,2157,newberry
"Newberry Library, Chicago",2KXJ8ZSVHPSOT,2KXJ8ZSVH8F7S,"Newberry Library, Chicago",3392,2193,newberry
"Newberry Library, Chicago",2KXJ8ZSVHFQXC,2KXJ8ZSVHTSZT,"Newberry Library, Chicago",3374,2187,newberry
"Newberry Library, Chicago, Ill.",2KXJ8ZSVHPU60,2KXJ8ZSVHHQQC,"Newberry Library, Chicago, Ill.",3492,2188,newberry
"Newberry Library, Chicago, Ill.",2KXJ8ZSVHPOGL,2KXJ8ZSVH1LIV,"Newberry Library, Chicago, Ill.",3451,2328,newberry
"Newberry Library, Chicago, Ill.",2KXJ8ZSVHP1AY,2KXJ8ZSVH1H1H,"Newberry Library, Chicago, Ill.",3366,2235,newberry
"Newberry Library, Chicago, Ill.",2KXJ8ZSVHPM7H,2KXJ8ZSVH81CY,"Newberry Library, Chicago, Ill.",3570,2313,newberry
"Newberry Library, Chicago, Ill.",2KXJ8ZSVHPYU3,2KXJ8ZSVH88MM,"Newberry Library, Chicago, Ill.",3387,2187,newberry
"Newberry Library, Chicago, Ill.",2KXJ8ZSVHPHPH,2KXJ8ZSVH8MXH,"Newberry Library, Chicago, Ill.",3456,2331,newberry
"Newberry Library, North Clark St., Chicago",2KXJ8ZSVHPAX6,2KXJ8ZSVH120F,"Newberry Library, North Clark St., Chicago",3355,2058,newberry
"Newberry Library, North Clark Street, Chicago",2KXJ8ZSVHPFWS,2KXJ8ZSVHH00Z,"Newberry Library, North Clark Street, Chicago",3594,2397,newberry
"Newberry Library, North Clark Street, Chicago",2KXJ8ZSVHPN86,2KXJ8ZSVHHGGN,"Newberry Library, North Clark Street, Chicago",3498,2349,newberry
"Newberry Library, North Clark Street, Chicago",2KXJ8ZSVHPLRV,2KXJ8ZSVH1EO3,"Newberry Library, North Clark Street, Chicago",3342,2133,newberry
"Washington Square and Newberry Library, Chicago",2KXJ8ZSVHF98C,2KXJ8ZSVHRM1H,"Washington Square and Newberry Library, Chicago",3392,2185,newberry
Tommy doesn't like school Father wears big slippers Tommy goes!,2KXJ8ZBIN2MU,2KXJ8ZEYHYHY,Tommy doesn't like school Father wears big slippers Tommy goes!,2525,3891,school-days
Sauce hollandaize,2KXJ8ZB8VNWR,2KXJ8ZIGMD1H,Sauce hollandaize,2540,3895,school-days
"Please, Mrs. Smith, can Johnny come with us to Sunday School?",2KXJ8ZP2LLRR,2KXJ8ZOEVF_N,"Please, Mrs. Smith, can Johnny come with us to Sunday School?",2695,4065,school-days
A hit,2KXJ8ZP264C2,2KXJ8ZOE4KZC,A hit,2751,4109,school-days
"High school, Ludington, Mich.",2KXJ8ZP2ML7R,2KXJ8ZOEWXLG,"High school, Ludington, Mich.",4138,2782,school-days
Het mooiste moment op school!,2KXJ8ZPLJGMJ,2KXJ8ZYFC94Z,Het mooiste moment op school!,2817,4140,school-days
"Earning a school sweater. It looks easy enough, but the proof of the pudding is in the eating.",2KXJ8ZPLDYPG,2KXJ8ZY9OL35,"Earning a school sweater. It looks easy enough, but the proof of the pudding is in the eating.",3358,2309,school-days
The school for scandal,2KXJ8ZSUF1LOJ,2KXJ8ZS65NPE1,The school for scandal,6336,9504,school-days
"Resurrection High School, Chicago, Illinois",2KXJ8ZSATODFM,2KXJ8ZSATS8_C,Resurrection High School,6578,2099,school-days
Boy reading book on desk,2KXJ8ZBIE4ZU,2KXJ8ZIH51JY,Boy reading book on desk,2563,3898,school-days
Easter greetings,2KXJ8ZBD6LD7,2KXJ8ZI94Q29,Easter greetings,2541,3895,school-days
"M. W. Chase, school and church furniture",2KXJ8ZPE3X4G,2KXJ8Z8Z1JB6,"Bryan L. Bossier postcard collection, 1880s-1920s [000675_01]",3979,2538,school-days
Study hour,2KXJ8ZPLKTIJ,2KXJ8ZY8W0EU,Study hour,3413,2275,school-days
"Girls in the schoolyard, Sac and Fox Indian Schools, Stroud, Oklahoma, circa 1910s",2KXJ8ZSA4XLF1,2KXJ8ZSA72062,"Clara Falls collection of Sac and Fox Nation photographs and photographic postcards, 1900-1933",3582,2372,school-days
Off to school: Behold the world of books...,2KXJ8ZSUR571I,2KXJ8ZS642I5B,Off to School,6336,9504,school-days
The caricature,2KXJ8ZSUQWNJ9,2KXJ8ZS6G19JV,The Caricature,9504,6336,school-days
The cobblers wax,2KXJ8ZSUQCE5W,2KXJ8ZS6GXIHT,The Cobbleps Wax,9504,6336,school-days
Behind the masters back,2KXJ8ZSUQC0WR,2KXJ8ZS6G4WVH,Behind the Masters Back,9504,6336,school-days
Secrets,2KXJ8ZSUQNSW4,2KXJ8ZS6G4OGS,Secrets,9504,6336,school-days
"The first girl's Sunday school, Gloucester",2KXJ8ZBNEGFH,2KXJ8ZEQZAK9,"The first girl's Sunday school, Gloucester",3887,2516,school-days
"Cambridge: The Great Court, Trinity College",2KXJ8ZBT62QL,2KXJ8Z3Y76OM,"Cambidge. --The Great Court, Trinity College",3826,2487,school-days
"Porto Rico, The Convent, San Juan",2KXJ8ZB8O634,2KXJ8Z3UZMXO,"Porto Rico, The Convent, San Juan",3890,2516,school-days
Going to school,2KXJ8ZB8LED7,2KXJ8ZI794_W,Going to school,3911,2556,school-days
"Campus scene, Emory University, Atlanta, Ga.",2KXJ8ZBDJ8M1,2KXJ8ZIMMUUV,"Campus scene, Emory University, Atlanta, Ga.",3849,2491,school-days
On the way to school,2KXJ8ZBE1JIN,2KXJ8ZIDTGKU,On the way to school,2584,3917,school-days
Gli studi a carnevale,2KXJ8ZSUHX7FJ,2KXJ8ZS6MQNRC,Gli studi a carnevale,9504,6336,school-days
Study time,2KXJ8ZS6YG1KH,2KXJ8Z7WEGRK,Study time,2790,4164,school-days
"Brasenose College, with dome of Radcliffe Library, Oxford",2KXJ8ZBQLLII,2KXJ8ZIGNMTY,"Brasenose College, with dome of Radcliffe Library, Oxford",2530,3862,school-days
Boston,2KXJ8ZS6YO86T,2KXJ8Z7PH7MP,Boston,2725,4139,school-days
A l'ecole,2KXJ8ZBWL015,2KXJ8Z3RF0KQ,A l'ecole,2510,3838,school-days
Are we down-hearted? No!!,2KXJ8ZBNDI6M,2KXJ8ZE33BBY,Are we down-hearted? No!!,3805,2479,cats
Beaucoup,2KXJ8ZSUHWTUN,2KXJ8ZS6CZD7Z,Beaucoup,9504,6336,cats
Black cat with crescent moon,2KXJ8ZSUFUJR0,2KXJ8ZS686FQW,Black cat,6336,9504,cats
Black out!,2KXJ8ZSVHKFRS,2KXJ8ZSVHKN26,Black out,2364,3600,cats
Bridlington's the place to get up your appetite,2KXJ8ZBEA4QY,2KXJ8ZIUBP14,Breakfast in bed,3959,2572,cats
The queen of hearts,2KXJ8ZBOYQF5,2KXJ8ZEDZO65,The queen of hearts,2496,3839,cats
What is the cat trying to do? (Neko ha nani o shitsutsu aru ka),2KXJ8Z446DG9,2KXJ8Z7PRXKQ,Collection of Japanese art postcards published by Kokkei shinbun sha,2843,4213,cats
La combinaison,2KXJ8ZSUKGQLP,2KXJ8ZS662JXZ,La combinaison,6336,9504,cats
Family cares,2KXJ8ZBE3MYT,2KXJ8ZIDXAZ4,Family cares,2527,3899,cats
Here's luck!,2KXJ8ZSUOD7XQ,2KXJ8ZS2XV1F4,John I. Monroe collection of general postcards,2586,3986,cats
I hope you will find this very interesting,2KXJ8ZBIUN3O,2KXJ8ZEYURNH,I hope you will find this very interesting,2512,3899,cats
"The Rose Company, art publishers and printers",2KXJ8ZSUD98U1,2KXJ8ZS2QQSS4,John I. Monroe collection of general postcards,2612,4164,cats
"Please take our photos, just in this style...",2KXJ8ZSUUN048,2KXJ8ZSUWEC7O,John I. Monroe collection of general postcards,2565,3864,cats
Les sept peches capitaux: La luxure,2KXJ8ZSF6WF2T,2KXJ8ZSJIXVND,La Luxure,6336,9504,cats
Mixed bathing,2KXJ8ZSQI4UR9,2KXJ8ZIDB19O,Mixed bathing,3899,2542,cats
Mrs Caudle's curtain lectures,2KXJ8ZBEK6QH,2KXJ8ZE14HCW,Mrs Caudle's curtain lectures,3860,2491,cats
"Popular songs, illustrated"" Theres' a Land",2KXJ8ZB33QQL,2KXJ8Z37248X,"Popular songs, illustrated Theres' a Land",3853,2541,cats
Le pyjama,2KXJ8ZSUKGOF8,2KXJ8ZS664HRS,Le pyjama,6336,9504,cats
"Singing Cats, Kommt a Vogel geflogen (If a bird flew)...",2KXJ8ZSVHKI3A,2KXJ8ZSVHKI3A,"Singing Cats, Kommt a Vogel geflogen (If a bird flew)...",821,521,cats
Some sport!,2KXJ8ZBNLNLN,2KXJ8ZEQ9DW2,Some sport,3895,2524,cats
Woman came after man...,2KXJ8ZBN8Z1T,2KXJ8ZEQRXQP,Stripes to the front,2542,3893,cats
They all love Jack,2KXJ8ZBON6BW,2KXJ8ZEGI61F,They all love Jack,2506,3873,cats
La Vue,2KXJ8ZSUF5UMS,2KXJ8ZS68Y09U,Le Vue,9504,6336,cats
Pajama-clad woman holding cat,2KXJ8ZSUQB8IP,2KXJ8ZS60EIKE,Woman in sleepwear,6336,9504,cats
Black Cat Cafe Flagstaff- Arizona,2KXJ8ZSVHACZE,2KXJ8ZSVHKED3,Black Cat Cafe Flagstaff- Arizona,3600,2798,cats
Woman at desk with cat,2KXJ8ZSUNPQFA,2KXJ8ZS6ZHAJ3,Woman and cat,9504,6336,cats
Unerlaubler Anbandelungsversuch,2KXJ8ZSUKNWG1,2KXJ8ZS626MDI,Unerlaubler Anbandelungsversuch,9504,6336,cats
First prize: At the cat show with Louis Wain,2KXJ8ZSURPZM2,2KXJ8ZS6ST5KL,First Prize,6336,9504,cats
Black cats with goblet,2KXJ8ZSUQY76O,2KXJ8ZS6L9NPF,Black Cats,6336,9504,cats
And they say black cats are lucky!,2KXJ8ZBICADO,2KXJ8ZIHW5ZA,And they say Black Cats are lucky!,2512,3876,cats
Five o'clock tea,2KXJ8ZSUR7FG5,2KXJ8ZS6Z0PRY,Five-O'clock Tea,6336,9504,coffee-tea
Sanka cafe cecafeine,2KXJ8ZSUK4BD8,2KXJ8ZS66E6_H,Sanka Caf� Decafeine,6336,9504,coffee-tea
"Coffee house, Cairo",2KXJ8ZBPBFV7,2KXJ8ZEZD2FG,"Coffee house, Cairo",3841,2457,coffee-tea
"Mol's Coffee House, Exeter",2KXJ8ZB50BSD,2KXJ8ZEV5X3L,"Mol's Coffee House, Exeter",3862,2495,coffee-tea
Coffee stall (early morning),2KXJ8ZB8KL0B,2KXJ8ZIGTWDH,Coffee Stall (Early Morning),3931,2567,coffee-tea
At the coffee stall,2KXJ8ZB8CYB7,2KXJ8ZIVCQBG,At the coffee stall,2508,3894,coffee-tea
Coffee time,2KXJ8ZB8J04U,2KXJ8ZIUY3X2,Coffee time,3901,2533,coffee-tea
Parisiennes a la mode de 1918,2KXJ8ZSUK9CH9,2KXJ8ZS60YD53,Women sitting at table,6336,9504,coffee-tea
Woman in green drinking tea,2KXJ8ZSUK9K9K,2KXJ8ZS60QE7C,Woman drinking,6336,9504,coffee-tea
La bonne fille,2KXJ8ZSUHG6JE,2KXJ8ZS6C1IG3,La bonne fille,6336,9504,coffee-tea
The flower of the tea,2KXJ8ZB5GVOW,2KXJ8Z3T83K6,The Flower of the Tea,2511,3737,coffee-tea
Sifting tea,2KXJ8ZB3EQOL,2KXJ8ZI1Z3XI,Sifting tea,3859,2531,coffee-tea
A five o'clock tea,2KXJ8ZB39GD6,2KXJ8ZIFVHJA,A five o'clock tea,3865,2521,coffee-tea
Afternoon tea,2KXJ8ZB3L27M,2KXJ8Z37EOC4,Afternoon tea,2472,3865,coffee-tea
Scottish life and character: Father's tea,2KXJ8ZBB9584,2KXJ8ZIVYW5F,Family at home,3917,2552,coffee-tea
Scandal & tea,2KXJ8ZBEMGNV,2KXJ8ZICELTY,Scandal & tea,4014,2601,coffee-tea
Tea with Grannie,2KXJ8ZBECDIA,2KXJ8ZIDHNU4,Tea with Grannie,2532,3831,coffee-tea
Grannie's cup of tea,2KXJ8ZBOWGV4,2KXJ8ZEDF2GQ,Grannie's cup of tea,3840,2495,coffee-tea
Tea-time,2KXJ8ZB2NZXR,2KXJ8ZIB1K7X,Tea-time,3839,2512,coffee-tea
Visite,2KXJ8ZSUKUKUK,2KXJ8ZS60M36A,Visite,9504,6336,coffee-tea
Trottins de Paris,2KXJ8ZSUKAYRI,2KXJ8ZS6057JN,Woman with a drink,6336,9504,coffee-tea
Man holding fan and drinking tea,2KXJ8Z4PSUCD,2KXJ8Z7O10CB,Collection of Japanese art postcards published by Kokkei shinbun sha,3223,2139,coffee-tea
A Night of Waiting (Matsu yoru),2KXJ8Z4P4P4P,2KXJ8Z7OFYBR,Collection of Japanese art postcards published by Kokkei shinbun sha,2536,3368,coffee-tea
"First and last house, Land's End",2KXJ8ZSUOM65W,2KXJ8ZS2ZVUBL,John I. Monroe collection of general postcards,3978,2600,coffee-tea
Any time is pancake time at Campbell's Pancake House,2KXJ8Z4X8C62,2KXJ8Z8EC0E3,Campbell's Pancake House,4124,2774,coffee-tea
"Harrogate, Tea House, Valley Gardens",2KXJ8ZBT8H2E,2KXJ8Z3XW97R,"Harrogate, Tea House, Valley Gardens",3828,2484,coffee-tea
Tea,2KXJ8ZSUFI4NH,2KXJ8ZS6NZO_M,Tea,6336,9504,coffee-tea
La tasse de the avec les amis,2KXJ8ZSUKKLLU,2KXJ8ZS660ATH,5 a 7. La tasse de the avec les amis,6336,9504,coffee-tea
"Corner of coffee shop, Harriet Hammond McCormick Memorial...",2KXJ8ZSATQCW3,2KXJ8ZSATM0NS,"Corner of coffee shop, Harriet Hammond McCormick Memorial, a Y.W.C.A. residence",3282,2096,coffee-tea
Coffee: From seed to shipside,2KXJ8ZSATCSYH,2KXJ8ZSAEHYME,Reproduction of the original fortyfoot oil painting in the exhibit of the Stewart and Ashby Coffee Company at A Century of Progress,5131,1156,coffee-tea
Suffragette vote-getting the easiest way,2KXJ8ZPG4KCN,2KXJ8Z8KLJWR,"Bryan L. Bossier postcard collection, 1880s-1920s [000034_01]",2801,4169,womens-rights
"I want to vote, but my wife won't let me",2KXJ8ZPGXW6H,2KXJ8Z8HYROY,"Bryan L. Bossier postcard collection, 1880s-1920s [000094_01]",2817,4168,womens-rights
"Where, oh where is my wandering wife tonight?",2KXJ8ZPGX09J,2KXJ8Z8HYFZS,"Bryan L. Bossier postcard collection, 1880s-1920s [000101_01]",2829,4185,womens-rights
Pantalette suffragette in the sweet bye and bye,2KXJ8ZPGS7Q6,2KXJ8Z8HBTRN,"Bryan L. Bossier postcard collection, 1880s-1920s [000117_01]",2809,4163,womens-rights
I hate to see a woman do a man's work,2KXJ8ZPG8FKC,2KXJ8Z8H5B6L,"Bryan L. Bossier postcard collection, 1880s-1920s [000191_01]",4133,2788,womens-rights
Woman's rights,2KXJ8ZPGFI7T,2KXJ8Z8AMH3F,"Bryan L. Bossier postcard collection, 1880s-1920s [000233_01]",2801,4073,womens-rights
Did I save my country for this!,2KXJ8ZPG5SWM,2KXJ8Z8AK0PC,"Bryan L. Bossier postcard collection, 1880s-1920s [000302_01]",4134,2791,womens-rights
Woman wearing stars and stripes outfit,2KXJ8ZPG60ZJ,2KXJ8Z8AYJAY,"Bryan L. Bossier postcard collection, 1880s-1920s [000344_01]",2695,4099,womens-rights
"We trust men as a whole, why not at the poll?",2KXJ8ZPGN2XZ,2KXJ8Z8BJBJB,"Bryan L. Bossier postcard collection, 1880s-1920s [000613_01]",2815,4117,womens-rights
I may be your leader some day,2KXJ8ZPGNCSF,2KXJ8Z8BJRLW,"Bryan L. Bossier postcard collection, 1880s-1920s [000614_01]",2792,4143,womens-rights
Life is just one damn thing after another,2KXJ8ZPGCGCG,2KXJ8Z8ZLLZZ,"Bryan L. Bossier postcard collection, 1880s-1920s [000619_01]",2791,4158,womens-rights
Votes for women: And you think...,2KXJ8ZPE32PY,2KXJ8Z8Z14ZG,"Bryan L. Bossier postcard collection, 1880s-1920s [000667_01]",2586,3929,womens-rights
Don't monkey with women's rights...,2KXJ8ZPEQZ86,2KXJ8Z8ZNN33,"Bryan L. Bossier postcard collection, 1880s-1920s [000741_01]",2794,4118,womens-rights
Electioneering,2KXJ8ZPEQJ4N,2KXJ8Z8ZX13A,"Bryan L. Bossier postcard collection, 1880s-1920s [000742_01]",2806,4206,womens-rights
Because woman owns real estate...,2KXJ8ZPEQY9E,2KXJ8Z8ZWLDZ,"Bryan L. Bossier postcard collection, 1880s-1920s [000744_01]",4175,2795,womens-rights
Once I get my liberty...,2KXJ8ZPEQQJJ,2KXJ8Z8ZWFKE,"Bryan L. Bossier postcard collection, 1880s-1920s [000752_01]",4119,2807,womens-rights
When lovely woman stoops to folly,2KXJ8ZPECTLV,2KXJ8Z8ZFMTV,"Bryan L. Bossier postcard collection, 1880s-1920s [000796_01]",2698,4064,womens-rights
The new woman: The way it's going,2KXJ8ZPECZA6,2KXJ8Z8ZFFEE,"Bryan L. Bossier postcard collection, 1880s-1920s [000797_01]",4065,2720,womens-rights
Tipas indoor baseball team,2KXJ8ZPE13OZ,2KXJ8Z8S5XSC,"Bryan L. Bossier postcard collection, 1880s-1920s [000846_01]",4000,2664,womens-rights
Votes for women,2KXJ8ZPEDMUT,2KXJ8Z8SQPCM,"Bryan L. Bossier postcard collection, 1880s-1920s [000854_01]",4008,2627,womens-rights
Votes for women: Suffrage first!,2KXJ8ZPEY42Y,2KXJ8Z8S2GRZ,"Bryan L. Bossier postcard collection, 1880s-1920s [000893_01]",2784,4131,womens-rights
Votes for women: Let's pull together!,2KXJ8ZPEZAMS,2KXJ8Z8SUXGC,"Bryan L. Bossier postcard collection, 1880s-1920s [000894_01]",2731,4099,womens-rights
"I love my husband, but -- oh you vote!",2KXJ8ZPEZ6NH,2KXJ8Z8SGZA3,"Bryan L. Bossier postcard collection, 1880s-1920s [000936_01]",2584,3960,womens-rights
Bridge amenities,2KXJ8ZBE9OZF,2KXJ8ZIUAUAU,Bridge amenities,3864,2503,womens-rights
"Within the law, Atlantic City, N.J.",2KXJ8ZPEJR5M,2KXJ8Z8S820A,"Bryan L. Bossier postcard collection, 1880s-1920s [001098_01]",2719,4072,womens-rights
Women's rights,2KXJ8ZPEOJXN,2KXJ8Z8SMU5F,"Bryan L. Bossier postcard collection, 1880s-1920s [001127_01]",2769,4065,womens-rights
My wife's joined the suffrage movement...,2KXJ8ZPEK9HJ,2KXJ8Z8SKTQZ,"Bryan L. Bossier postcard collection, 1880s-1920s [001128_01]",2664,4028,womens-rights
Wanted: A man useful as well as ornamental,2KXJ8ZPEBSXN,2KXJ8Z8SWB0G,"Bryan L. Bossier postcard collection, 1880s-1920s [001208_01]",2524,3853,womens-rights
Buying votes,2KXJ8ZPELNMS,2KXJ8Z8SLP4M,"Bryan L. Bossier postcard collection, 1880s-1920s [001233_01]",2635,4019,womens-rights
The smoking room of a ladies club,2KXJ8ZBEO7NL,2KXJ8ZIUT3Q2,The smoking room of a ladies club,2507,3886,womens-rights
John I. Monroe collection of general postcards,2KXJ8ZSUDDQQ2,2KXJ8ZS2QO3EB,John I. Monroe collection of general postcards,3997,2662,new-year
Bonne annee,2KXJ8ZP9AQN9,2KXJ8Z55FEDU,Bonne annee,3286,2151,new-year
Godt nytt ar,2KXJ8ZPLEJ3C,2KXJ8ZY9QKUI,Godt nytt ar,4091,2795,new-year
Good jul gott nytt ar,2KXJ8ZP9AULI,2KXJ8Z55LNPB,Good jul gott nytt ar,3314,2206,new-year
"I hope he'll knock your troubles in the ""fairway""",2KXJ8ZPLOYDG,2KXJ8ZY8U1I2,"I hope he'll knock your troubles in the ""fairway""",3163,2073,new-year
Bonne annee,2KXJ8ZSUO48WK,2KXJ8ZS2RZDFU,Bonne annee,6336,9504,new-year
Bonne annee,2KXJ8ZSUOBZLX,2KXJ8ZS2RZ2GB,Bonne annee,9504,6336,new-year
A happy new year,2KXJ8ZSUOMEDR,2KXJ8ZS2RLUY4,A happy new year,6336,9504,new-year
Gluckliches neujahr,2KXJ8ZSUOX1ID,2KXJ8ZS2R7HVD,Gluckliches neujahr,6336,9504,new-year
A happy new year,2KXJ8ZSUOO995,2KXJ8ZS2472P4,A happy new year,9504,6336,new-year
May each succeeding day of the new year be happier than the last,2KXJ8ZSUOWJ37,2KXJ8ZS2RD9OX,May each succeeding day of the new year be happier than the last,9504,6336,new-year
Gluckliches neujahr,2KXJ8ZSUOO339,2KXJ8ZS24NHO5,Gluckliches neujahr,9504,6336,new-year
A bright and glad new year,2KXJ8ZSUOFUT8,2KXJ8ZS24MK3R,A bright and glad new year,6336,9504,new-year
A happy new year,2KXJ8ZSUODDPP,2KXJ8ZS245454,A happy new year,6336,9504,new-year
Happy new year! And may all the days to follow be good to you,2KXJ8ZSUOXPRQ,2KXJ8ZS2R7ZH2,Happy new year! And may all the days to follow be good to you,6336,9504,new-year
January The New Year,2KXJ8ZSF6V9IM,2KXJ8ZSJ02266,January The New Year,6336,9504,new-year
John I. Monroe collection of general postcards,2KXJ8ZSUO65N2,2KXJ8ZS2Z3YMT,John I. Monroe collection of general postcards,2542,3901,new-year
John I. Monroe collection of general postcards,2KXJ8ZSUO0KL8,2KXJ8ZS2ZF06H,John I. Monroe collection of general postcards,2627,3955,new-year
Here's to the new year!,2KXJ8ZSUO0MXU,2KXJ8ZS2ZFX50,John I. Monroe collection of general postcards,2591,3955,new-year
John I. Monroe collection of general postcards,2KXJ8ZSUO0R6D,2KXJ8ZS2ZH63N,John I. Monroe collection of general postcards,2644,3957,new-year
John I. Monroe collection of general postcards,2KXJ8ZSUO3399,2KXJ8ZS2ZHZHZ,John I. Monroe collection of general postcards,2622,3951,new-year
John I. Monroe collection of general postcards,2KXJ8ZSUO3PNQ,2KXJ8ZS2ZHQDF,John I. Monroe collection of general postcards,3941,2635,new-year
John I. Monroe collection of general postcards,2KXJ8ZSUO2XWK,2KXJ8ZS2XHSD5,John I. Monroe collection of general postcards,2656,4058,new-year
John I. Monroe collection of general postcards,2KXJ8ZSUO815D,2KXJ8ZS2XHXHX,John I. Monroe collection of general postcards,4004,2556,new-year
John I. Monroe collection of general postcards,2KXJ8ZSUDX9K2,2KXJ8ZS2Q3OE1,John I. Monroe collection of general postcards,3990,2612,new-year
John I. Monroe collection of general postcards,2KXJ8ZSUDEUMP,2KXJ8ZS2Q6NR9,John I. Monroe collection of general postcards,2644,3951,new-year
John I. Monroe collection of general postcards,2KXJ8ZSUDENW4,2KXJ8ZS2Q65V8,John I. Monroe collection of general postcards,2610,3941,new-year
John I. Monroe collection of general postcards,2KXJ8ZSUD263B,2KXJ8ZSUI9CJP,John I. Monroe collection of general postcards,2561,3931,new-year
John I. Monroe collection of general postcards,2KXJ8ZSUUOYS5,2KXJ8ZSUWBDOW,John I. Monroe collection of general postcards,2577,3906,new-year
John I. Monroe collection of general postcards,2KXJ8ZSUUD60Q,2KXJ8ZSUWHTDK,John I. Monroe collection of general postcards,2581,3905,new-year
"Wenn deine frau mal um sich haut, dann bist du gleich, mein Freund, knock out!",2KXJ8ZPWDSJD,2KXJ8ZOKEY5I,"Wenn deine frau mal um sich haut, dann bist du gleich, mein Freund, knock out!",4148,2795,new-year
A love match,2KXJ8ZSR6J59F,2KXJ8Z8A58E3,A love match,4188,2811,valentines-day
To my valentine: a football enthusiast...,2KXJ8ZSUUQA3P,2KXJ8ZS2CMO2N,To my valentine: a football enthusiast...,6336,9504,valentines-day
A valentine message,2KXJ8ZSUND80F,2KXJ8ZS6ZEVSH,A valentine message,6336,9504,valentines-day
To the one I love...,2KXJ8ZSUUJ23I,2KXJ8ZSUW8P9X,To the one I love...,3924,2588,valentines-day
To my valentine: you're just the type...,2KXJ8ZS6YUEKY,2KXJ8Z7WDSJD,To my valentine: you're just the type...,2798,4110,valentines-day
To my valentine,2KXJ8ZP96ARQ,2KXJ8Z555RRP,To my valentine,2208,3318,valentines-day
Oo! I love you!,2KXJ8ZBICMO2,2KXJ8ZIHXY23,Oo! I love you!,2515,3883,valentines-day
"Miss Ten-Pin, whispered Mr. Ball...",2KXJ8ZPJOJOJ,2KXJ8ZOKT86O,"Miss Ten-Pin, whispered Mr. Ball...",2768,4130,valentines-day
Let's B.1. with Cupid as chauffeur,2KXJ8ZBEBNUS,2KXJ8ZE1987D,Let's B1 with Cupid as chauffuer,2494,3845,valentines-day
In Cupid's bower,2KXJ8ZBIEFW1,2KXJ8ZIDYBZ5,In Cupid's bower,2549,3904,valentines-day
"I really love the ""manly art""...",2KXJ8ZPW55UU,2KXJ8ZOKV08X,"I really love the ""manly art""...",4127,2756,valentines-day
I cannot get along without you,2KXJ8ZSUOODDP,2KXJ8ZS24NY92,I cannot get along without you,6336,9504,valentines-day
Cupid sent away in disgrace!,2KXJ8ZBNVA0N,2KXJ8ZEQ57UO,Cupid sent away in disgrace!,2539,3876,valentines-day
Concours de tir de Grenoble un vétéran!!,2KXJ8ZSU21HSI,2KXJ8ZS2H09DC,Concours de tir de Grenoble un vétéran!!,6336,9504,valentines-day
La chasse aux coeurs,2KXJ8ZSUTPJ9H,2KXJ8ZS2WB7WX,La chasse aux coeurs,9504,6336,valentines-day
Valentine greeting: always on this day...,2KXJ8ZSUT0EGZ,2KXJ8ZS2WTRHB,Valentine greeting: always on this day...,9504,6336,valentines-day
Why beat around the bush...,2KXJ8ZSUT0XQY,2KXJ8ZS2WNDAW,Why beat around the bush at all or be afraid to show it? When on someone love wants to call why not let someone knkow it?,9504,6336,valentines-day
You are just my mark,2KXJ8ZS4LGO_S,2KXJ8ZSJ3Q8CA,You are just my mark,6336,9504,valentines-day
"To my valentine: Love me, love my vote",2KXJ8ZSV4N7TU,2KXJ8ZSV4NJ4Q,"To my valentine: Love me, love my vote",2675,4000,valentines-day
"I toast your heart, may it grow warmer!",2KXJ8ZSUD6WCD,2KXJ8ZS2Q6S74,"I toast your heart, may it grow warmer!",3936,2606,valentines-day
To my valentine,2KXJ8ZS4GKUAN,2KXJ8ZSJ9DEAD,To my valentine,9504,6336,valentines-day
To my valentine: I'm a socialist...,2KXJ8ZSR63490,2KXJ8Z8ZFRDA,To my valentine: I'm a socialist...,2679,4139,valentines-day
Valentine greetings,2KXJ8ZSRY0U_H,2KXJ8ZSS7IHVQ,Valentine greetings,2790,4295,valentines-day
To my valentine,2KXJ8ZSUOJN1I,2KXJ8ZS2X94I7,To my valentine,2635,3983,valentines-day
Valentine greetings,2KXJ8ZSUOU6FW,2KXJ8ZS2XPZCO,Valentine greetings,2517,3885,valentines-day
Valentine greetings: let's be sweethearts,2KXJ8ZSUOU9D5,2KXJ8ZS2XPYZP,Valentine greetings: let's be sweethearts,3974,2588,valentines-day
Among so many how will you know my heart?,2KXJ8ZSUD6KSP,2KXJ8ZS2QH83P,Among so many how will you know my heart?,3967,2594,valentines-day
Throw me a rope or I perish!,2KXJ8ZSUD5KQP,2KXJ8ZS2QBP4O,Throw me hope or I perish!,2582,3972,valentines-day
To my valentine,2KXJ8ZSUUDZJK,2KXJ8ZSUWNEDQ,To my valentine,3922,2572,valentines-day
To my valentine,2KXJ8ZSUUDW1R,2KXJ8ZSUWNJ9D,To my valentine,2563,3898,valentines-day
St. Patrick's Day greetings,2KXJ8ZSUOJRZD,2KXJ8ZS2X30IK,St. Patrick's Day greetings,2592,3853,saint-patricks-day
St. Patrick's Day greetings,2KXJ8ZSUOU3G9,2KXJ8ZS2XEDCI,St. Patrick's Day greetings,3983,2605,saint-patricks-day
Let Erin's harp awake with joy...,2KXJ8ZSUDJY49,2KXJ8ZS2QG7ZO,Let Erin's harp awake with joy...,3957,2617,saint-patricks-day
The month is number three...,2KXJ8ZSUDHEB9,2KXJ8ZS2QGH27,The month is number three...,3937,2617,saint-patricks-day
"Old Erin's shamrock, ever green...",2KXJ8ZSUDHUGP,2KXJ8ZS2QU6YU,"Old Erin's shamrock, ever green...",3957,2584,saint-patricks-day
"The top o' the mornin' to you, my dear...",2KXJ8ZSUDH5SK,2KXJ8ZS2QUSM4,"The top o' the mornin' to you, my dear...",3936,2600,saint-patricks-day
May St. Patrick always help ye...,2KXJ8ZSUDH7A8,2KXJ8ZS2QUJH4,May St. Patrick always help ye...,3944,2596,saint-patricks-day
An' may ye always feel as gay...,2KXJ8ZSUDKDKD,2KXJ8ZS2QU3AB,An' may you always feel as gay...,2614,3938,saint-patricks-day
May St. Patrick iver find...,2KXJ8ZSUDKGAU,2KXJ8ZS2QSF5B,May St. Patrick iver find...,3940,2599,saint-patricks-day
St. Patrick owns the Earth today...,2KXJ8ZSUDK28Q,2KXJ8ZS2QSDE2,St. Patrick owns the Earth today...,2612,3931,saint-patricks-day
St. Patrick freed old Erin...,2KXJ8ZSUDKRWO,2KXJ8ZS2QSZXI,St. Patrick freed old Erin...,3951,2601,saint-patricks-day
There's a dear little plant from the Emerald Isle...,2KXJ8ZSUDC9T2,2KXJ8ZS2QWU85,There's a dear little plant from the Emerald Isle...,2592,3944,saint-patricks-day
"Dear harp of Erin, wake thy song...",2KXJ8ZSUDCN54,2KXJ8ZS2QW75O,"Dear harp of Erin, wake thy song...",2605,3948,saint-patricks-day
Sure this is the day when the frogs...,2KXJ8ZSUDCEP9,2KXJ8ZS2QWVLR,Sure this is the day when the frogs...,2597,3952,saint-patricks-day
All around my heart there's a chain of shamrocks gay...,2KXJ8ZSUDCOA5,2KXJ8ZS2QW6FU,All around my heart there's a chain of shamrocks gay...,2538,3887,saint-patricks-day
St. Patrick's Day greetings,2KXJ8ZSUDCQG2,2KXJ8ZS2QE3RB,St. Patrick's Day greetings,3935,2608,saint-patricks-day
Twas on the top of this high hill,2KXJ8ZSUDCFUX,2KXJ8ZS2QEGPX,Twas on the top of this high hill,3965,2605,saint-patricks-day
A type that blends three godlike friends...,2KXJ8ZSUDX4OQ,2KXJ8ZS2QEF1B,A type that blends three godlike friends...,2607,3948,saint-patricks-day
"Who, on this day, would keep away, nor wear the verdant shamrock",2KXJ8ZSUDXU5P,2KXJ8ZS2Q39FQ,"Who, on this day, would keep away, nor wear the verdant shamrock",2602,3952,saint-patricks-day
I did with curious work emboss for you a fine St. Patrick's cross...,2KXJ8ZSUDXNL4,2KXJ8ZS2Q3J54,I did with curious work emboss for you a fine St. Patrick's cross...,2599,3927,saint-patricks-day
"Who'd be afraid, to mount the shamrock's green cockade?",2KXJ8ZSUDXLT7,2KXJ8ZS2Q3AP9,"Who'd be afraid, to mount the shamrock's green cockade?",2616,3954,saint-patricks-day
High lift the banner of your pride,2KXJ8ZSUDEX01,2KXJ8ZS2Q0AB9,High lift the banner of your pride,2582,3959,saint-patricks-day
She sings Erin's melodies,2KXJ8ZSUDEL87,2KXJ8ZS2Q08GP,She sings Erin's melodies,2587,3989,saint-patricks-day
Tis they that won the glorious name,2KXJ8ZSUDE0KI,2KXJ8ZS2Q02MD,Tis they that won the glorious name,2568,3948,saint-patricks-day
Here's to Irish beauty and wit and hearts!,2KXJ8ZSUD64FQ,2KXJ8ZS2Q6D32,Here's to Irish beauty and wit and hearts!,2592,3956,saint-patricks-day
May the shamrock never wither!,2KXJ8ZSUD6ZW7,2KXJ8ZS2Q6JP4,May the shamrock never wither!,2581,3954,saint-patricks-day
"To the merry heart of Ireland, may it always dance with joy",2KXJ8ZSUD58D1,2KXJ8ZS2QH7JO,"To the merry heart of Ireland, may it always dance with joy",2604,3926,saint-patricks-day
This is the day we are all willing to be green!,2KXJ8ZSUD63UX,2KXJ8ZS2QHW02,This is the day we are all willing to be green!,2611,3938,saint-patricks-day
Why not under the shamrock...,2KXJ8ZSUDQQ22,2KXJ8ZS2QD49D,Why not under the shamrock...,3945,2622,saint-patricks-day
"To ""Irish eyes"" a round...",2KXJ8ZSUD5AF4,2KXJ8ZS2QB1WK,"To ""Irish eyes"" a round...",2579,3986,saint-patricks-day
Easter greetings,2KXJ8ZBHFTYN,2KXJ8ZIMWA7C,Easter greetings,2514,3853,easter
A happy Easter,2KXJ8ZBIHM42,2KXJ8ZIDIGZU,Dancing around an egg,2518,3873,easter
A happy Easter [LL11701],2KXJ8ZSQI5R17,2KXJ8ZIDY0UI,A happy Easter,3861,2505,easter
A happy Easter [LL13173],2KXJ8ZSQI3311,2KXJ8ZIMFI4N,A happy Easter,3866,2525,easter
A happy Easter [LL13996],2KXJ8ZSQIE2LU,2KXJ8ZEGVYTL,A happy Easter,2531,3887,easter
A happy Easter [LL2178],2KXJ8ZSQIP71R,2KXJ8ZI7JXF9,A happy Easter,3886,2539,easter
A joyful Easter,2KXJ8ZSUOHN4I,2KXJ8ZS2X1SM5,A joyful Easter,2544,3915,easter
A joyful Easter,2KXJ8ZSUOHXLK,2KXJ8ZS2X13AD,A joyful Easter,2561,3917,easter
A joyous Easter,2KXJ8ZSUDXBP5,2KXJ8ZS2Q326D,A joyous Easter,2580,3924,easter
An Easter greeting,2KXJ8ZSUDB7D8,2KXJ8ZS2QNY2W,An Easter greeting,2601,3938,easter
An Easter lay,2KXJ8ZSUDXGSU,2KXJ8ZS2QE2SD,An Easter lay,2581,3915,easter
Best Easter wishes,2KXJ8ZSUOE6XW,2KXJ8ZS2X0DEI,Best Easter wishes,2545,3913,easter
Buona Pasqua,2KXJ8ZSUFHD7V,2KXJ8ZS6NL7Q0,Buona Pasqua,6336,9504,easter
Easter greeting,2KXJ8ZBD745Q,2KXJ8ZIMLVHL,Easter greeting,2515,3936,easter
Easter greetings,2KXJ8ZBD6LD7,2KXJ8ZI94Q29,Easter greetings,2541,3895,easter
Easter greetings,2KXJ8ZB8BSYI,2KXJ8ZI7ETQ1,Child in egg surrounded by chicks,3891,2523,easter
Easter greetings,2KXJ8ZSUOHS97,2KXJ8ZS2X19KR,Easter greetings,2568,3912,easter
Easter greetings,2KXJ8ZSUDUK7P,2KXJ8ZSUITGI5,Easter greetings,2573,3876,easter
Easter in the future!,2KXJ8ZF9A37O,2KXJ8Z7G283E,Easter in the future!,2599,3947,easter
Easter wishes,2KXJ8ZSUDCUSP,2KXJ8ZS2QWJE4,Easter wishes,3951,2635,easter
Frohes Osterfest,2KXJ8ZSUUZBVX,2KXJ8ZSUINL7Q,Frohes Osterfest,3899,2571,easter
Frohliche ostern!,2KXJ8ZPW75OU,2KXJ8ZY09DC3,Frohliche ostern!,2818,4174,easter
I wish you a joyous Easter,2KXJ8Z4PJ4Z8,2KXJ8Z7PF1C5,I wish you a joyous Easter,4166,2780,easter
Let springtime whisper in your ear its joyous Easter secret,2KXJ8ZBI2L6Q,2KXJ8ZIDHM1R,Young boy with rabbit,2539,3896,easter
May you have a joyous Easter,2KXJ8ZSUO3ZIX,2KXJ8ZS2ZHAJ3,May you have a joyous Easter,2584,3935,easter
Rabbit with Easter eggs,2KXJ8ZBHN25F,2KXJ8ZIMF2K3,Rabbit with Easter eggs,2490,3828,easter
Shall we exchange Easter greetings,2KXJ8ZSUDXQU2,2KXJ8ZS2QE4JD,Shall we exchange Easter greetings,3898,2597,easter
Vesele Velikonoce,2KXJ8ZSUNUIJM,2KXJ8ZS6QPJG4,Vesele Velikonoce,6336,9504,easter
Vroolijk Paaschfeest,2KXJ8ZSUUK5IW,2KXJ8ZSUIGDSX,Vroolijk Paaschfeest,2568,3918,easter
Woman and egg,2KXJ8ZSUKETBW,2KXJ8ZS62Q2Q2,Woman and egg,6336,9504,easter
United States of North America,2KXJ8ZPGCAJ0,2KXJ8Z8ZTQ_0,"Bryan L. Bossier postcard collection, 1880s-1920s [000578_01]",2514,3852,fourth-of-july
Don't be afraid Uncle - We'll get there all right!,2KXJ8ZP2YWSQ,2KXJ8ZOH0OUL,Don't be afraid Uncle - We'll get there all right!,3870,2558,fourth-of-july
"The fist that has ""The Punch""",2KXJ8ZPWLXGR,2KXJ8ZOKZWJ1,"The fist that has ""The Punch""",2709,4153,fourth-of-july
Stars and stripes,2KXJ8ZSUQ97PO,2KXJ8ZS651XB2,Stars and stripes,6336,9504,fourth-of-july
Woman in sailing outfit,2KXJ8ZSUKHS4R,2KXJ8ZS62K3SU,Woman in sailing outfit,6336,9504,fourth-of-july
Woman with scarf,2KXJ8ZSUKS3U4,2KXJ8ZS62JQYD,Woman with scarf,6336,9504,fourth-of-july
United States,2KXJ8ZSURX21B,2KXJ8ZS6SCTMZ,United States,6336,9504,fourth-of-july
Democracy sacrifice humanity,2KXJ8ZSURGJQK,2KXJ8ZS6SNGFZ,Democracy sacrifice humanity,6336,9504,fourth-of-july
Our old eagle won't screech till we bring victory to his flag.,2KXJ8ZSURP4QB,2KXJ8ZS6SNCGV,Our old eagle won't screech till we bring victory to his flag.,6336,9504,fourth-of-july
Here's to the American Eagle: The liberty bird that permits no liberties,2KXJ8ZSUFMACL,2KXJ8ZS68PLCB,Here's to the American Eagle: The liberty bird that permits no liberties,6336,9504,fourth-of-july
"Woman in red, white and blue",2KXJ8ZSUNQY4S,2KXJ8ZS6QS67U,"Woman in red, white and blue",6336,9504,fourth-of-july
John I. Monroe collection of general postcards,2KXJ8ZSUO7P9Q,2KXJ8ZS2XZ2J7,John I. Monroe collection of general postcards,3975,2623,fourth-of-july
John I. Monroe collection of general postcards,2KXJ8ZSUONA5I,2KXJ8ZS2X2SC5,John I. Monroe collection of general postcards,2600,3940,fourth-of-july
John I. Monroe collection of general postcards,2KXJ8ZSUO2211,2KXJ8ZS2X6AU1,John I. Monroe collection of general postcards,2568,3941,fourth-of-july
John I. Monroe collection of general postcards,2KXJ8ZSUD623Q,2KXJ8ZS2Q6KE5,John I. Monroe collection of general postcards,2614,3976,fourth-of-july
July Leo,2KXJ8ZSUFYA0L,2KXJ8ZS68WA3R,July Leo,6336,9504,fourth-of-july
Let your idle addressing equipment do its patriotic duty,2KXJ8ZSATUN7V,2KXJ8ZSATGYEZ,Let your idle addressing equipment do its patriotic duty,3252,2062,fourth-of-july
An American Beauty,2KXJ8ZSUQNC1U,2KXJ8ZS6GA5QT,An American Beauty,6336,9504,fourth-of-july
An American Beauty,2KXJ8ZSUQ2I78,2KXJ8ZS6GWMRY,An American Beauty,6336,9504,fourth-of-july
An American Beauty,2KXJ8ZSUQ2JA4,2KXJ8ZS6GWWHH,An American Beauty,6336,9504,fourth-of-july
John I. Monroe collection of general postcards,2KXJ8ZSUOHC5W,2KXJ8ZS2X1BPU,John I. Monroe collection of general postcards,2569,3870,fourth-of-july
John I. Monroe collection of general postcards,2KXJ8ZSUD6G8U,2KXJ8ZS2Q6H97,John I. Monroe collection of general postcards,3973,2585,fourth-of-july
John I. Monroe collection of general postcards,2KXJ8ZSUD6D6D,2KXJ8ZS2QH2ZD,John I. Monroe collection of general postcards,2603,3968,fourth-of-july
The spirit that will never die,2KXJ8ZSUHVM0H,2KXJ8ZS6CU0WA,The spirit that will never die,6336,9504,fourth-of-july
The man behind the gun,2KXJ8ZSUHGK70,2KXJ8ZS6C1E40,The man behind the gun,6336,9504,fourth-of-july
Ye Glorious 4th,2KXJ8ZSUHG06Z,2KXJ8ZS6CMPOT,Ye Glorious 4th,6336,9504,fourth-of-july
The king of the day,2KXJ8ZSUHGZFV,2KXJ8ZS6COTXF,The king of the day,6336,9504,fourth-of-july
We're going off on the 4th,2KXJ8ZSUHGQBC,2KXJ8ZS6COE70,We're going off on the 4th,6336,9504,fourth-of-july
We'll be busted on the 4th,2KXJ8ZSUHGRDY,2KXJ8ZS6COJ1L,We'll be busted on the 4th,6336,9504,fourth-of-july
"Goodness Dr. Owl, has the moon got jaundice!",2KXJ8Z44VNKD,2KXJ8ZPZ1G4S,"Goodness Dr. Owl, has the moon got jaundice!",3600,2314,halloween
May your Hallow-E'en always bring a good surprise,2KXJ8Z44499W,2KXJ8ZPZ1X30,May your Halloween always bring a good surprise,3600,2366,halloween
If I might always hold the light...,2KXJ8Z44488I,2KXJ8ZPZ1OGM,If I might always hold the light..,2327,3600,halloween
May I be your Hallow-E'en beau?,2KXJ8Z444LL1,2KXJ8ZPZEN63,May I be your Halloween beau?,2287,3600,halloween
Could I borrow a witches flying-machine...,2KXJ8Z444HH5,2KXJ8ZPZEIBJ,Could I borrow a witches flying-machine...,3600,2283,halloween
Don't be scared on Hallow-E'en...,2KXJ8Z444CC8,2KXJ8ZPZEW7C,Don't be scared on Halloween,2351,3600,halloween
Excuse me if I seem in haste...,2KXJ8Z444JJQ,2KXJ8ZPZEAC3,Excuse me if I seem in haste...,2363,3600,halloween
You auto have a happy Halloween,2KXJ8ZP2233U,2KXJ8ZOHZZVV,You auto have a happy halloween,2615,3976,halloween
Best Hallowe'en wishes,2KXJ8ZSUO52K1,2KXJ8ZS2ZG5WJ,John I. Monroe collection of general postcards,2603,3990,halloween
Here's joy for every Hallow-E'en -- and all the days that fall between!,2KXJ8ZSUDRAT4,2KXJ8ZS2QZ0PR,John I. Monroe collection of general postcards,3947,2560,halloween
Hallowe'en,2KXJ8ZSUDDRRO,2KXJ8ZS2QZ9LQ,John I. Monroe collection of general postcards,2569,3908,halloween
Hallowe'en,2KXJ8ZSUDMC4B,2KXJ8ZS2Q1FMB,John I. Monroe collection of general postcards,3933,2577,halloween
Hallowe'en,2KXJ8ZSUDM8C1,2KXJ8ZS2Q1P8O,John I. Monroe collection of general postcards,3924,2570,halloween
May you always get the apple you want!,2KXJ8ZSUDHIJK,2KXJ8ZS2QGAI9,John I. Monroe collection of general postcards,3945,2614,halloween
"Be not alarmed, but show your pluck...",2KXJ8ZSUDKI9K,2KXJ8ZS2QS4AD,John I. Monroe collection of general postcards,3959,2613,halloween
May Halloween always greet you with a smile,2KXJ8ZSUDKQO2,2KXJ8ZS2QSWY2,John I. Monroe collection of general postcards,3860,2611,halloween
May you have a jolly Hallow Een,2KXJ8ZSUDPCLB,2KXJ8ZS2QTTXX,John I. Monroe collection of general postcards,3927,2620,halloween
May the Hallow Een goblins bring you luck,2KXJ8ZSUDPRUO,2KXJ8ZS2QT5H8,John I. Monroe collection of general postcards,3936,2622,halloween
Halloween,2KXJ8ZSUD01AO,2KXJ8ZS2QPMJ7,John I. Monroe collection of general postcards,3949,2608,halloween
May fortune's lantern burn serene...,2KXJ8ZSUD0V5I,2KXJ8ZS2QP6HU,John I. Monroe collection of general postcards,3942,2602,halloween
May you have the time of your life this Hallow-E'en!,2KXJ8ZSUDBHFR,2KXJ8ZS2QN5T8,John I. Monroe collection of general postcards,2629,3882,halloween
May your Hallow-E'en be merry,2KXJ8ZSUDEYQ9,2KXJ8ZS2Q0V1R,John I. Monroe collection of general postcards,2583,3925,halloween
"I'm not afraid of spooks, are you?",2KXJ8ZSUDEF5X,2KXJ8ZS2Q00RR,John I. Monroe collection of general postcards,3966,2591,halloween
Take care of me on Hallow-E'en...,2KXJ8ZSUDES4W,2KXJ8ZS2Q0L7I,John I. Monroe collection of general postcards,3929,2568,halloween
By all the powers o' darkness...,2KXJ8ZSUD5XW1,2KXJ8ZS2QBDU2,John I. Monroe collection of general postcards,3925,2583,halloween
If Hallow-E'en just weren't at night...,2KXJ8ZSUDQUBP,2KXJ8ZSUIW5_U,John I. Monroe collection of general postcards,3945,2601,halloween
May your apple-paring make the right letter!,2KXJ8ZSUDQDQD,2KXJ8ZSUIW3_8,John I. Monroe collection of general postcards,3956,2596,halloween
May love light your Hallow-E'en lantern!,2KXJ8ZSUDSC1B,2KXJ8ZSUIXQ5B,John I. Monroe collection of general postcards,2583,3958,halloween
"Come, join our Hallow-e'en high jinks!",2KXJ8ZSUDSY29,2KXJ8ZSUIX58I,John I. Monroe collection of general postcards,3958,2582,halloween
"May you have a lovely, scary Hallow-e'en",2KXJ8ZSUDSIGK,2KXJ8ZSUIXB9W,John I. Monroe collection of general postcards,3965,2595,halloween
Bringing you a glad Thanksgiving greeting,2KXJ8ZF6Y14C,2KXJ8ZF6ZQ1M,Bringing you a glad Thanksgiving greeting,2351,3600,thanksgiving
Rah rah rah Thanksgiving!!!,2KXJ8ZF6YDXL,2KXJ8ZF6Z7XG,Rah rah rah Thanksgiving!!!,3600,2323,thanksgiving
May your Thanksgiving blessings be ripened by a sunshiny heart!,2KXJ8ZF6YNLH,2KXJ8ZF6ZLYE,May your Thanksgiving blessings be ripened by a sunshiny heart!,3600,2358,thanksgiving
May your Thanksgiving never end in dreams like these!,2KXJ8ZF6YIDF,2KXJ8ZF6ZG03,May your Thanksgiving never end in dreams like these!,3600,2325,thanksgiving
Here's to Thanksgiving the day and the game!,2KXJ8ZF6Y2B0,2KXJ8ZF6AOIA,Here's to Thanksgiving the day and the game!,3600,2347,thanksgiving
May love always serve your Thanksgiving feast,2KXJ8ZF6YJHZ,2KXJ8ZF6ZCL6,May love always serve your Thanksgiving feast,3600,2345,thanksgiving
Thanks to him who spared our living...,2KXJ8ZF6YCE6,2KXJ8ZF6ZX9J,Thanks to him who spared our living...,3600,2355,thanksgiving
Hearty Thanksgiving greetings,2KXJ8ZF6YP9G,2KXJ8ZF6Z3HT,Hearty Thanksgiving greetings,3600,2306,thanksgiving
John I. Monroe collection of general postcards,2KXJ8ZSUOIKR8,2KXJ8ZS2X8HM8,John I. Monroe collection of general postcards,3925,2582,thanksgiving
John I. Monroe collection of general postcards,2KXJ8ZSUOIPWQ,2KXJ8ZS2X8OBU,John I. Monroe collection of general postcards,3993,2620,thanksgiving
John I. Monroe collection of general postcards,2KXJ8ZSUOVHXU,2KXJ8ZS2XI74W,John I. Monroe collection of general postcards,2615,3975,thanksgiving
John I. Monroe collection of general postcards,2KXJ8ZSUOV16D,2KXJ8ZS2XIRW4,John I. Monroe collection of general postcards,3916,2547,thanksgiving
John I. Monroe collection of general postcards,2KXJ8ZSUDRI8K,2KXJ8ZS2QAPFO,John I. Monroe collection of general postcards,3913,2581,thanksgiving
John I. Monroe collection of general postcards,2KXJ8ZSUDDZZ7,2KXJ8ZS2QZEBW,John I. Monroe collection of general postcards,3914,2578,thanksgiving
John I. Monroe collection of general postcards,2KXJ8ZSUDDWWD,2KXJ8ZS2QZDH2,John I. Monroe collection of general postcards,3923,2582,thanksgiving
John I. Monroe collection of general postcards,2KXJ8ZSUDPLY7,2KXJ8ZS2QTA59,John I. Monroe collection of general postcards,2579,3951,thanksgiving
John I. Monroe collection of general postcards,2KXJ8ZSUD0N84,2KXJ8ZS2Q24WD,John I. Monroe collection of general postcards,2614,3963,thanksgiving
John I. Monroe collection of general postcards,2KXJ8ZSUD07S8,2KXJ8ZS2Q2JA4,John I. Monroe collection of general postcards,3952,2646,thanksgiving
John I. Monroe collection of general postcards,2KXJ8ZSUD0PJ8,2KXJ8ZS2Q20MR,John I. Monroe collection of general postcards,2615,3948,thanksgiving
John I. Monroe collection of general postcards,2KXJ8ZSUD0JBW,2KXJ8ZS2Q2YJW,John I. Monroe collection of general postcards,2586,3938,thanksgiving
John I. Monroe collection of general postcards,2KXJ8ZSUD0IEK,2KXJ8ZS2Q2UB5,John I. Monroe collection of general postcards,3958,2611,thanksgiving
May Thanksgiving day always realize your fondest expectations,2KXJ8ZSUD02LQ,2KXJ8ZS2QNAQ9,John I. Monroe collection of general postcards,3950,2615,thanksgiving
John I. Monroe collection of general postcards,2KXJ8ZSUDBJVW,2KXJ8ZS2QCN19,John I. Monroe collection of general postcards,2608,3952,thanksgiving
May the best Thanksgiving guest always be yours!,2KXJ8ZSUDQ942,2KXJ8ZS2QDBU1,John I. Monroe collection of general postcards,3967,2596,thanksgiving
John I. Monroe collection of general postcards,2KXJ8ZSUDQRIO,2KXJ8ZS2QD63U,John I. Monroe collection of general postcards,2592,3963,thanksgiving
I bring my greetings to you,2KXJ8ZSUDQSNW,2KXJ8ZSUIWT_K,John I. Monroe collection of general postcards,2595,3969,thanksgiving
John I. Monroe collection of general postcards,2KXJ8ZSUDQES9,2KXJ8ZSUIWM_1,John I. Monroe collection of general postcards,3993,2615,thanksgiving
May Thanksgiving always bring a glad homecoming,2KXJ8ZSUDS8H1,2KXJ8ZSUIXX44,John I. Monroe collection of general postcards,3961,2600,thanksgiving
John I. Monroe collection of general postcards,2KXJ8ZSUDU2XQ,2KXJ8ZSUIT0BD,John I. Monroe collection of general postcards,3880,2566,thanksgiving
John I. Monroe collection of general postcards,2KXJ8ZSUD2HVR,2KXJ8ZSUIJ2VU,John I. Monroe collection of general postcards,3828,2535,thanksgiving
A happy Christmas,2KXJ8ZS6YZ6AM,2KXJ8Z7WBGYK,A happy Christmas,4193,2714,christmas
A happy Christmas [LL13126],2KXJ8ZSQI3XZ4,2KXJ8ZIM1EBF,A happy Christmas,2455,3851,christmas
A Happy Christmas Accept m wishes warm and true That Yule may bring its best to you,2KXJ8ZBB52UR,2KXJ8ZI1Q2KO,A Happy Christmas Accept m wishes warm and true That Yule may bring its best to you,3864,2553,christmas
A jolly Christmas,2KXJ8ZPEFI80,2KXJ8Z8S8ISL,A jolly Christmas,2679,4060,christmas
A merry Christmas,2KXJ8ZBIGHX2,2KXJ8ZIH06FE,A merry Christmas,2540,3900,christmas
A merry Christmas,2KXJ8ZBIYBGW,2KXJ8ZIDREF9,A merry Christmas,3867,2530,christmas
Breakfast in bed charged extra,2KXJ8ZBOMLBX,2KXJ8ZI2J9ED,Breakfast in bed charged extra,3838,2476,christmas
Children sleeping under Christmas tree,2KXJ8ZPGKAP0,2KXJ8Z8BOBOB,Children sleeping under Christmas tree,2824,4163,christmas
Christmas greetings [LL11686],2KXJ8ZSQI5ZLQ,2KXJ8ZIDZUFP,Christmas greetings,2538,3898,christmas
Christmas greetings [LL12058],2KXJ8ZSQI42KU,2KXJ8ZID02LQ,Christmas greetings,2508,3874,christmas
Christmas greetings. A full share of all the joys of the season,2KXJ8ZBHTV6Z,2KXJ8ZIMRDMT,Christmas greetings. A full share of all the joys of the season,2490,3828,christmas
Christmas greetings. I think you'll like it,2KXJ8ZBI2QXB,2KXJ8ZIDZEX9,Christmas greetings. I think you'll like it,2531,3900,christmas
Christmas joy be with you,2KXJ8ZPG6MVY,2KXJ8Z8AF8D3,Christmas joy be with you,4116,2754,christmas
Clear the track for merry Christmas,2KXJ8ZS6CVNGM,2KXJ8ZS6SLK7F,John I. Monroe collection of postcards on postcards,2597,3953,christmas
Dear Santa,2KXJ8ZPG6TCG,2KXJ8Z8AQDSE,Dear Santa,3836,2542,christmas
Going to the start,2KXJ8ZBOIJV7,2KXJ8ZIEHQOJ,Going to the start,2466,3862,christmas
Happy Christmas to you [LL9011],2KXJ8ZSQITWSX,2KXJ8ZE3N2_J,A happy Christmas to you,3831,2486,christmas
Hello - hello! Just to wish you merry Christmas!,2KXJ8ZS6CVKWE,2KXJ8ZS6SL48A,John I. Monroe collection of postcards on postcards,2575,3982,christmas
May Christmas shower blessings on you!,2KXJ8ZS6CVMEJ,2KXJ8ZS6Z82AG,John I. Monroe collection of postcards on postcards,3968,2623,christmas
"Oh Mr. Santa Claus, this is so sudden",2KXJ8ZS6CT6GC,2KXJ8ZS6SL6JV,John I. Monroe collection of postcards on postcards,3960,2594,christmas
Our last teddy,2KXJ8ZBEZFJZ,2KXJ8ZEZH1PA,Our last teddy,2494,3876,christmas
"P.F. Volland Company postcards and greeting cards, 1908-approximately 1950",2KXJ8Z4PLS1B,2KXJ8Z7P9TJR,"P.F. Volland Company postcards and greeting cards, 1908-approximately 1950",4155,2772,christmas
"P.F. Volland Company postcards and greeting cards, 1908-approximately 1950",2KXJ8Z4PL094,2KXJ8Z7P96YI,"P.F. Volland Company postcards and greeting cards, 1908-approximately 1950",4037,2643,christmas
"Shepheard's Hotel, Cairo",2KXJ8ZBOUNJI,2KXJ8ZI9JVU1,"Shepheard's Hotel, Cairo",3852,2495,christmas
The best of everything and plenty of it,2KXJ8ZBILLQQ,2KXJ8ZEYNBK3,The best of everything and plenty of it,2521,3898,christmas
The Burglar. A Happy Christmas,2KXJ8ZBE31OM,2KXJ8ZIDXW8D,The Burglar. A Happy Christmas,2543,3881,christmas
To you -- the joys of merry Christmas,2KXJ8ZS6CVY30,2KXJ8ZS6SBA8E,John I. Monroe collection of postcards on postcards,3955,2620,christmas
Two girls kneeling by tree,2KXJ8ZSUQLVPR,2KXJ8ZS6LY7XE,Two girls kneeling by tree,6336,9504,christmas
Wishing you a happy Christmas,2KXJ8ZBILUA9,2KXJ8ZIDNWAD,Wishing you a happy Christmas,2506,3875,christmas
"P.F. Volland Company postcards and greeting cards, 1908-approximately 1950",2KXJ8Z4PWQXK,2KXJ8Z7PWPWP,"P.F. Volland Company postcards and greeting cards, 1908-approximately 1950",4065,2713,christmas
"Birthday greetings All that mirthful, glad and gay. Make for you a happy day",2KXJ8ZBIT4EU,2KXJ8ZID1C0B,"Birthday greetings All that mirthful, glad and gay. Make for you a happy day",2518,3875,birthdays
Birthday greetings [LL11372],2KXJ8ZSQIKGZ5,2KXJ8ZIB6MIK,Birthday greetings,3870,2539,birthdays
"Best Birthday wishes. Fortune fair in greatest measure, bring a birthday full of pleasure",2KXJ8ZBDDDDD,2KXJ8ZEDUHGR,"Best Birthday wishes. Fortune fair in greatest measure, bring a birthday full of pleasure",3913,2577,birthdays
Wishing you a rattling good time on your birthday,2KXJ8ZPWHREB,2KXJ8ZY0N7KN,Wishing you a rattling good time on your birthday,2788,4168,birthdays
A tenth birthday wish,2KXJ8ZPWQ3C8,2KXJ8ZY0GSVF,A tenth birthday wish,2822,4191,birthdays
Oranges and lemons,2KXJ8ZBE11MM,2KXJ8ZEZHK8L,Oranges and lemons,3871,2500,birthdays
My Birthday gift,2KXJ8ZBIERN7,2KXJ8ZIH9A16,My Birthday gift,2529,3864,birthdays
"May your life be filled with gentle deeds that spread their fragrance like the sweet scenting flowers of spring, is my birthday wish",2KXJ8ZBDDRRO,2KXJ8ZIM8P3S,"May your life be filled with gentle deeds that spread their fragrance like the sweet scenting flowers of spring, is my birthday wish",3918,2534,birthdays
A Mascot Fums Up! That's Me!,2KXJ8ZBIEKC9,2KXJ8ZIDA768,Fums Up! That's Me!,2513,3906,birthdays
John I. Monroe collection of general postcards,2KXJ8ZSUD8G_9,2KXJ8ZS2XAY5P,John I. Monroe collection of general postcards,3905,2561,birthdays
I'm a very little fellow but I bring you birthday love,2KXJ8ZBI2CNP,2KXJ8ZIMIMIM,I'm a very little fellow but I bring you birthday love,2527,3870,birthdays
Herzlichen gluckwunsch zum geburtstag,2KXJ8ZPLHVLM,2KXJ8ZY8UIPQ,Herzlichen gluckwunsch zum geburtstag,2225,3359,birthdays
Hearty birthday greetings,2KXJ8ZPLT7QE,2KXJ8ZY9V5AX,Hearty birthday greetings,3413,2280,birthdays
Happy Birthday I'm pitching in right now to say,2KXJ8ZP2FW6Q,2KXJ8ZOECSGN,Happy Birthday I'm pitching in right now to say,2667,4013,birthdays
A happy birthday [LL13966],2KXJ8ZSQIEOGW,2KXJ8ZEGZECL,A happy birthday,3873,2489,birthdays
A happy birthday,2KXJ8ZPWBCAO,2KXJ8ZOK6PS2,A happy birthday,4117,2759,birthdays
Birthday greetings. Just a few lines,2KXJ8ZBIE5YI,2KXJ8ZIH93XS,Birthday greetings. Just a few lines,2526,3878,birthdays
"Birthday greetings Health abounding, joy surrounding, kindly hearts to greet you, birthday pleasure, gifts to treasure, fortune fair to meet you",2KXJ8ZBFYCJG,2KXJ8ZI4HG9O,"Birthday greetings Health abounding, joy surrounding, kindly hearts to greet you, birthday pleasure, gifts to treasure, fortune fair to meet you",2513,3878,birthdays
A Birthday Greeting,2KXJ8ZP25Q1D,2KXJ8ZOHG9OC,A Birthday Greeting,4081,2690,birthdays
Birthday greetings,2KXJ8ZSU2JFRU,2KXJ8ZS2A961L,Birthday greetings,9504,6336,birthdays
John I. Monroe collection of general postcards,2KXJ8ZSUOJ965,2KXJ8ZS2X9K2B,John I. Monroe collection of general postcards,2561,3924,birthdays
John I. Monroe collection of general postcards,2KXJ8ZSUD9CTB,2KXJ8ZS2QLS84,John I. Monroe collection of general postcards,3960,2607,birthdays
John I. Monroe collection of general postcards,2KXJ8ZSUDD66B,2KXJ8ZS2QOO11,John I. Monroe collection of general postcards,3905,2657,birthdays
John I. Monroe collection of general postcards,2KXJ8ZSUDKEH9,2KXJ8ZS2QSE9W,John I. Monroe collection of general postcards,3975,2612,birthdays
John I. Monroe collection of general postcards,2KXJ8ZSUDPJFW,2KXJ8ZS2QTCOU,John I. Monroe collection of general postcards,3980,2608,birthdays
Birthday greetings,2KXJ8ZSUTEMFE,2KXJ8ZS2WR479,Birthday greetings,6336,9504,birthdays
A happy birthday [LL11881],2KXJ8ZSQI44UU,2KXJ8ZIDTLQ7,A happy birthday,2525,3886,birthdays
Birthday greetings [LL11740],2KXJ8ZSQI5WDX,2KXJ8ZIHQW3G,Birthday greetings,2560,3918,birthdays
Birthday greetings [LL13456],2KXJ8ZSQIOQRB,2KXJ8ZIMV9D6,Birthday greetings,2529,3915,birthdays
A happy birthday [LL11774],2KXJ8ZSQI9LFQ,2KXJ8ZEYZQXS,A happy birthday,2588,3919,birthdays
Woman in snow,2KXJ8ZSUKZVBX,2KXJ8ZS62L5YO,Woman in snow,6336,9504,winter
We got home all right,2KXJ8ZP9QBOR,2KXJ8Z5BYKNX,We got home all right,2178,3303,winter
Wanted- A long ball and a highball,2KXJ8ZP9QYED,2KXJ8Z5BM3RQ,Wanted- A long ball and a highball,3363,2185,winter
Today's temperature in ___ Wouldn't you rather be in Florida,2KXJ8ZP9XURI,2KXJ8Z5BJ5V4,Today's temperature in ___ Wouldn't you rather be in Florida,2190,3301,winter
Stronger than ice,2KXJ8ZSUNB90A,2KXJ8ZS6ZCFSE,Stronger than ice,6336,9504,winter
"Poor litter feller, are yer lost? No - boo-hoo - but my muvver is",2KXJ8ZB8R7QD,2KXJ8ZIGMOQS,"Poor litter feller, are yer lost? No - boo-hoo - but my muvver is",2534,3908,winter
People sledding,2KXJ8ZSF6GOXA,2KXJ8ZSJID2BU,People sledding,6336,9504,winter
On dangerous ground,2KXJ8ZBF9QLZ,2KXJ8ZI4LQHW,On dangerous ground,2549,3901,winter
Off to school: Behold the world of books...,2KXJ8ZSUR571I,2KXJ8ZS642I5B,Off to School,6336,9504,winter
Natura ed Arte,2KXJ8ZSUKFNO7,2KXJ8ZS62Z835,Natura ed Arte,6336,9504,winter
Men standing in snow,2KXJ8ZSUR6F75,2KXJ8ZS64ZN8D,Men standing in snow,6336,9504,winter
Meet me by moonlight,2KXJ8ZBI1D4X,2KXJ8ZIH5DLG,Meet me by moonlight,2541,3932,winter
Men playing hockey,2KXJ8ZP96W34,2KXJ8Z55XY3U,Men playing hockey,3504,2400,winter
Man and woman ice skating,2KXJ8ZSUFHK4S,2KXJ8ZS6NLM63,Man and woman ice skating,9504,6336,winter
How many do you want?,2KXJ8ZPLZP7E,2KXJ8ZYFEK7S,How many do you want?,2791,4152,winter
Hiver,2KXJ8ZSUK35ND,2KXJ8ZS60TDB3,Hiver,9504,6336,winter
A hazard,2KXJ8ZP9I47W,2KXJ8ZY8HULO,A hazard,3319,2251,winter
Good Night - Bon Soir,2KXJ8ZSUNKNKN,2KXJ8ZS6QGY7W,Good Night - Bon Soir,6336,9504,winter
Good jul gott nytt ar,2KXJ8ZP9AULI,2KXJ8Z55LNPB,Good jul gott nytt ar,3314,2206,winter
Girl with umbrella falling in snow,2KXJ8ZBI254I,2KXJ8ZIDJO05,Girl with umbrella falling in snow,3893,2545,winter
Gelukkig nieuwjaar,2KXJ8ZP2COYP,2KXJ8ZOHRJ8T,Gelukkig nieuwjaar,3963,2606,winter
A game that lacks enthusiasm is not worth playing,2KXJ8ZP9QR1U,2KXJ8Z5BM6ID,A game that lacks enthusiasm is not worth playing,2204,3300,winter
Deer in Winter,2KXJ8ZBQHMP7,2KXJ8ZIVPH1Z,Deer in Winter,3869,2500,winter
City view with cars,2KXJ8ZSUR9NH8,2KXJ8ZS61TXLD,City view with cars,9504,6336,winter
Buon Natale,2KXJ8ZSUFJLCJ,2KXJ8ZS6NK5JM,Buon Natale,6336,9504,winter
Berlin Unter Den Linden,2KXJ8ZB3P0BE,2KXJ8ZI4TW39,Berlin Unter Den Linden,3866,2524,winter
Boldog uj evet,2KXJ8ZPJV4KN,2KXJ8ZOR0SRK,Boldog uj evet,4113,2759,winter
Boldog karacsonyi unnepeket,2KXJ8ZSUQLKG5,2KXJ8ZS6L6PWE,Boldog karacsonyi unnepeket,6336,9504,winter
And he played snowball at ten,2KXJ8ZP268S5,2KXJ8ZOESL06,And he played snowball at ten,2613,4163,winter
Icy airplane,2KXJ8ZSUNAYES,2KXJ8ZS6Z9KNL,Icy airplane,9504,6336,winter
"Dresden, Karola See",2KXJ8ZB517I1,2KXJ8ZIVI4LC,"Dresden, Karola See",3913,2516,spring
Skegness Pavilion and Pleasure Gardens,2KXJ8ZBNFK9G,2KXJ8ZE3C0HE,Skegness Pavilion and Pleasure Gardens,3793,2431,spring
The intruder,2KXJ8ZBPDX7Q,2KXJ8ZE1XY6B,The intruder,2487,3840,spring
A grand day for golf,2KXJ8ZP9K031,2KXJ8Z5XIGAQ,A grand day for golf,3247,2105,spring
Pluie,2KXJ8ZSUK3Z7U,2KXJ8ZS60TELC,Pluie,9504,6336,spring
Ankunft,2KXJ8ZSUNFJTE,2KXJ8ZS6ZVDQC,Ankunft,6336,9504,spring
Collection of Japanese art postcards published by Kokkei shinbun sha,2KXJ8Z44455B,2KXJ8Z7PDVT4,Collection of Japanese art postcards published by Kokkei shinbun sha,2853,4224,spring
Milking time [LL2874],2KXJ8ZSQII331,2KXJ8Z3U3DLR,Milking time,3868,2521,spring
Poppies [LL9519],2KXJ8ZSQI9P2R,2KXJ8ZEQ9X8P,Poppies,3914,2540,spring
Birds and blossoms [LL12770],2KXJ8ZSQIBIBI,2KXJ8ZED7VJI,Birds and blossoms,2590,3942,spring
Birds and blossoms [LL12860],2KXJ8ZSQIB25U,2KXJ8ZEDAK0P,Birds and blossoms,3824,2488,spring
Woman in wind,2KXJ8ZSUKYRZQ,2KXJ8ZS62U0T7,Woman in wind,6336,9504,spring
Woman in white dress,2KXJ8ZSURZPMI,2KXJ8ZS6S4MO6,Woman in white dress,6336,9504,spring
Narcissus [LL10847],2KXJ8ZSQIK41U,2KXJ8ZIBT0IO,Narcissus,2461,3850,spring
March Wind,2KXJ8ZSF6VE3V,2KXJ8ZSJ02020,March Wind,6336,9504,spring
April The Birds,2KXJ8ZSF6VB9A,2KXJ8ZSJ02UAH,April The Birds,6336,9504,spring
May The Bride,2KXJ8ZSF6VLJE,2KXJ8ZSJ021HS,May The Bride,6336,9504,spring
Woman and flowers,2KXJ8ZSF6LEGV,2KXJ8ZSJIBODW,Woman and flowers,6336,9504,spring
"Spring, spring, beautiful spring",2KXJ8ZMAZE0J,2KXJ8ZIDLPY8,"Spring, spring, beautiful spring",3846,2491,spring
Joyous spring,2KXJ8ZBIT3P1,2KXJ8ZIDOEZ9,Joyous spring,2490,3840,spring
A spring morning,2KXJ8ZBDSB05,2KXJ8ZIMKC5Y,A spring morning,3901,2542,spring
"Corner of Spring garden - Wiggie, Redhill",2KXJ8ZBQ6Z4I,2KXJ8ZIVTNHT,"Corner of Spring garden - Wiggie, Redhill",3850,2513,spring
"The gardens of Kent, between spring and summer",2KXJ8ZB3Z58C,2KXJ8Z36WDZL,"The gardens of Kent, between spring and summer",2511,3885,spring
Spring-Time at Lady Franklin Bay,2KXJ8ZBWXA_1,2KXJ8Z3RTTPP,Spring-Time at Lady Franklin Bay,3865,2510,spring
"Spring, Bickleigh, Devon",2KXJ8ZB5IDW8,2KXJ8Z3YHYHY,"Spring, Bickleigh, Devon",3848,2484,spring
Spring - Egypt,2KXJ8ZBNO32V,2KXJ8ZEYMLFC,Spring - Egypt,2500,3875,spring
Spring,2KXJ8ZSUF3MHA,2KXJ8ZS6NCGVH,Spring,6336,9504,spring
Spring,2KXJ8ZSUQE7CO,2KXJ8ZS6G5M8Y,Spring,6336,9504,spring
Spring Beauty,2KXJ8ZSUNHEZS,2KXJ8ZS6ZPMIV,Spring Beauty,6336,9504,spring
Is your car up to par? Get our spring tune-up special,2KXJ8ZPLKDS6,2KXJ8ZY8TUFO,Is your car up to par? Get our spring tune-up special,3349,2188,spring
Margate,2KXJ8ZBHWN76,2KXJ8ZED56HB,Margate,3894,2512,summer
"La Concha Private Beach Club, Hotel Las Brisas, Acapulco",2KXJ8ZBD9TFU,2KXJ8ZIBCIA4,"La Concha Private Beach Club, Hotel Las Brisas, Acapulco",2682,3971,summer
Surf Bathing,2KXJ8ZB5P5P5,2KXJ8ZEVJSF3,Surf Bathing,3812,2482,summer
Colombo. The sea shore at Mount Lavinia,2KXJ8ZBN96RZ,2KXJ8ZEQXCNU,Colombo. The sea shore at Mount Lavinia,2489,3853,summer
"James R. Powell Route 66 postcard collection, 1926-1960s [002458 01]",2KXJ8Z4II55I,2KXJ8Z8HJNF6,Municipal Auditorium and Ranbow Pier,4156,2807,summer
Women with crabs,2KXJ8ZSUK4J3R,2KXJ8ZS66PY9V,Women with crabs,9504,6336,summer
Woman in swimsuit,2KXJ8ZSUNQPF0,2KXJ8ZS6QTV9R,Woman in swimsuit,6336,9504,summer
Mixed bathing [LL12334],2KXJ8ZSQI9FY1,2KXJ8ZE1KLY4,Mixed bathing,3858,2513,summer
"D.C. 55 Sun-time at Miami Beach, Fla.",2KXJ8ZBDMWHD,2KXJ8ZEGRY9L,"D.C. 55 Sun-time at Miami Beach, Fla.",3874,2520,summer
Too busy to write,2KXJ8ZBOG9H5,2KXJ8ZEGUWTH,Too busy to write,2515,3873,summer
It's jolly in the sea at Southbourne,2KXJ8ZBECZA6,2KXJ8ZIDS16O,It's jolly in the sea at Southbourne,3851,2497,summer
Flowers of the sea,2KXJ8ZBE1MWT,2KXJ8ZIDXHCR,Flowers of the sea,2498,3866,summer
July Waves,2KXJ8ZSF6V470,2KXJ8ZSJ029FT,July Waves,6336,9504,summer
A summer day,2KXJ8ZBO7ZGX,2KXJ8ZI2RB2P,A summer day,3845,2492,summer
All on a summer day,2KXJ8ZMAIVQC,2KXJ8ZI5XFZR,All on a summer day,2548,3884,summer
Summer company are like bananas,2KXJ8ZBDIY69,2KXJ8ZIMJ8DH,Summer company are like bananas,3873,2506,summer
"Summer day, calm seas",2KXJ8ZBVXF1N,2KXJ8ZIY0J_F,"A summer day, calm seas",3912,2525,summer
Summer evening,2KXJ8ZBW5JTD,2KXJ8ZI5BOWD,Summer evening,3862,2513,summer
Summer landscapes,2KXJ8ZBPG6PI,2KXJ8ZEZZJJ6,Summer landscapes,3785,2501,summer
"A quiet summer space of garden flowers, and toiling bees",2KXJ8ZBP7YEX,2KXJ8ZE1F0U9,"A quiet summer space of garden flowers, and toiling bees",2494,3849,summer
Summer landscapes,2KXJ8ZBPGKMD,2KXJ8ZEZJLSZ,Summer landscapes,3799,2500,summer
Heart of youth and summer weather making all their holiday,2KXJ8ZPJ31UV,2KXJ8ZOR4H_5,Heart of youth and summer weather making all their holiday,4145,2786,summer
Summer time,2KXJ8ZPJF4IN,2KXJ8ZORQ4KB,Summer time,2840,4122,summer
Summer girl,2KXJ8ZP9SUHI,2KXJ8Z5BP3AQ,Summer girl,2136,3290,summer
The summer girl,2KXJ8ZS6YMV6F,2KXJ8Z7PYTQR,The summer girl,2738,4172,summer
Summer,2KXJ8ZSUF3C6G,2KXJ8ZS6NC3MV,Summer,6336,9504,summer
The Metropolitan Tower on a Summer Evening,2KXJ8ZSUFNO7E,2KXJ8ZS687NMR,The Metropolitan Tower on a Summer Evening,6336,9504,summer
Summer Beauty,2KXJ8ZSUNPKAG,2KXJ8ZS6ZHNS3,Summer Beauty,6336,9504,summer
June Roses,2KXJ8ZSF6VX4J,2KXJ8ZSJ02DT3,June Roses,6336,9504,summer
"Edgewater Beach Hotel and Apartments, Chicago",2KXJ8ZSAT38KY,2KXJ8ZSAE7BAF,"158 - Edgewater Beach Hotel and Apartments, Chicago",3258,2035,summer
Au bois,2KXJ8ZSUNDY9S,2KXJ8ZS6ZEYGT,Au bois,6336,9504,autumn
Harvest,2KXJ8ZSURAT4P,2KXJ8ZS6Z7WLC,Harvest,6336,9504,autumn
Children hunting,2KXJ8ZSU2UWOQ,2KXJ8ZS2HY4PF,Children hunting,9504,6336,autumn
November,2KXJ8ZSU2GM9I,2KXJ8ZS2HVLMV,November,6336,9504,autumn
John I. Monroe collection of general postcards,2KXJ8ZSUOGU68,2KXJ8ZS2XD7OW,John I. Monroe collection of general postcards,4011,2551,autumn
Man hunting,2KXJ8ZSUK706X,2KXJ8ZS61Q6NR,Man hunting,6336,9504,autumn
Man with a football,2KXJ8ZPLA6HA,2KXJ8ZY81C_R,Man with a football,2264,3409,autumn
Men in purple car,2KXJ8ZP2CIZO,2KXJ8ZOH8JWT,Men in purple car,3952,2620,autumn
De vos en de druiven,2KXJ8ZSUR9LC2,2KXJ8ZS61TIFP,De vos en de druiven,6336,9504,autumn
Windsor Royal Park The Elephant Beech,2KXJ8ZBW7259,2KXJ8Z3BH1GW,Windsor Royal Park The Elephant Beech,3845,2498,autumn
Woman and man hunting,2KXJ8ZSUQMFWB,2KXJ8ZS6L2WF6,Woman and man hunting,9504,6336,autumn
Woman in blue and orange,2KXJ8ZSURV5M7,2KXJ8ZS649VZP,Woman in blue and orange,6336,9504,autumn
Boy and a football,2KXJ8ZPLAXWV,2KXJ8ZY82OQK,Boy and a football,2029,3129,autumn
Septembre,2KXJ8ZSURDJZK,2KXJ8ZS6Z6GYS,Septembre,6336,9504,autumn
"James R. Powell Route 66 postcard collection, 1926-1960s [000139 01]",2KXJ8Z40F0_Y,2KXJ8Z8YYFFL,Garden City Hill Pond,3910,2594,autumn
Woman in black with flowers,2KXJ8ZSUH4ONL,2KXJ8ZS6ML946,Woman in black with flowers,6336,9504,autumn
The story of the months in 12 parts- part 11 November the month of mastication,2KXJ8ZPL0DQ6,2KXJ8ZY8TIAQ,The story of the months in 12 parts- part 11 November the month of mastication,2215,3315,autumn
November The Witch,2KXJ8ZSF6VD1L,2KXJ8ZSJ02BYV,November The Witch,6336,9504,autumn
October Scorpio,2KXJ8ZSUFM3HF,2KXJ8ZS68P6N4,October Scorpio,6336,9504,autumn
Automne,2KXJ8ZSUK34M5,2KXJ8ZS60TM3L,Automne,9504,6336,autumn
Au parc Monceau,2KXJ8ZSUKGREQ,2KXJ8ZS662KGY,Au parc Monceau,6336,9504,autumn
October Falling Leaves,2KXJ8ZSF6VHES,2KXJ8ZSJ02V40,October Falling Leaves,6336,9504,autumn
The rich repose of Autumn,2KXJ8ZBDFZ27,2KXJ8ZIUHOLX,The Rich Repose of Autumn,3918,2551,autumn
"The Trossachs, golden autumn",2KXJ8ZBRKEGO,2KXJ8Z38S70D,"The Trossachs, golden autumn",2363,3714,autumn
Autumn on Dartmoor,2KXJ8ZB568V2,2KXJ8ZEVYXDL,Autumn on Dartmoor,3828,2489,autumn
For a colorful Autumn,2KXJ8ZPLFJLC,2KXJ8ZY982UW,For a colorful Autumn,2284,3391,autumn
Autumn,2KXJ8ZSUFVZAJ,2KXJ8ZS6N2SQE,Autumn,6336,9504,autumn
Two women talking,2KXJ8ZSUQLQLQ,2KXJ8ZS6L62UT,Two women talking,6336,9504,autumn
Autumn in the woods [LL50],2KXJ8ZSQI69SB,2KXJ8ZI5UW58,Autumn in the woods,2528,3875,autumn
Woman in orange,2KXJ8ZSUK99PP,2KXJ8ZS60QKSH,Woman in orange,9504,6336,autumn
